id,loan_status
29093,0.24512900572607402
16268,0.1827843462161423
3615,0.29567995597366986
6705,0.5229295859614119
48573,0.7410445120835989
3666,0.5948624409713537
1739,0.45852695582355485
52342,0.46611891316766313
21361,0.3467601328325886
1349,0.24941284515847773
33867,0.7488770215258175
8771,0.2232453322434624
41070,0.29572492700465564
32841,0.24652845796747946
38936,0.47140822071065275
41380,0.6349317946452764
47149,0.3241613855247296
10251,0.2476851604073397
23708,0.42241209941004865
35535,0.30247590917381145
59205,0.7483825827207375
35067,0.4608776201997586
29060,0.5404058698685624
55004,0.18941804157863873
25045,0.1997069033240615
49540,0.2079245849319625
38800,0.47965351959376984
41026,0.3731855261065583
53912,0.5009808838294972
26260,0.3615885316055609
19665,0.3882472487489767
27476,0.6420076849553202
47116,0.4109102805160223
45947,0.5056735127712586
2616,0.23663000968122103
12507,0.11730183096074083
18997,0.1748731029396912
55618,0.5744647856109639
33244,0.6705824508345714
1956,0.2570591842556354
18313,0.2478647519330591
7561,0.3883909742969535
51692,0.7441285024644098
45250,0.2919733244066889
34729,0.4969172828400614
17455,0.651933770877928
17185,0.2222307605725037
33965,0.9999363077352863
47050,0.39644936667122416
61222,0.5126516944469709
36407,0.5312067627034385
52942,0.43337631733591764
25341,0.3061434244285019
15823,0.4810909917491723
31939,0.10628621051036674
47147,0.5453358880583606
43642,0.2841608019917409
26654,0.9999248312925909
15478,0.2883663620235396
44702,0.58446098453025
11266,0.2842080670612819
43433,0.3125242156073423
28136,0.4302283055791753
51880,0.3523225046895923
45725,0.4365006568984648
37264,0.49426671246328635
47151,0.5889303763855553
4049,0.33007553510702814
28625,0.6149041350087855
18795,0.15905188756546662
52184,0.30058101114208546
48721,0.6555801507589416
22897,0.5069166808271799
60315,0.4677201880556532
56053,0.49729340645356124
13627,0.5148469643590824
2264,0.7237778662737003
41249,0.6010094198165964
13976,0.5892403303422834
580,0.2539816576100504
37759,0.7683967036298839
46340,0.5095281091326737
46395,0.17739166957317012
21208,0.493920950933985
24362,0.4725323249174891
55682,0.8650672694688406
5996,0.5612862329137488
64005,0.11303014944559761
59146,0.28148687221699986
52254,0.5942960589056476
8348,0.4817443385289712
6235,0.4301081132926184
5597,0.2933507101251701
62300,0.45633938079311287
473,0.4221890169883195
41737,0.6602609861936278
62171,0.5357778465906434
40110,0.7042010440949739
33649,0.18912702581009577
5320,0.6527456874515077
18274,0.7022276272551089
28490,0.261103300416917
8386,0.3462327941302977
10013,0.3690578163774628
4469,0.3871829480419993
18520,0.3965844103310291
23092,0.06325036830551176
34411,0.350398372357845
12780,0.44727091138715075
42747,0.4489092818769904
21833,0.3562068068827514
53511,0.45785042456269653
33577,0.5104270120823847
16064,0.32014430787102943
42740,0.7041379268911042
15582,0.3821859403867851
39558,0.3850399141267216
11330,0.36120493334069004
62629,0.3348510031456444
63246,0.386311024138228
6097,0.6107803207105442
25288,0.3600876293455641
11935,0.24676906019441922
45464,0.26392125843537656
54591,0.14923517653042315
14363,0.46108547499451186
36024,0.49226285234734757
24895,0.6546708175398219
33628,0.445022245095598
20485,0.5549083308003432
3148,0.5934447134973394
51833,0.5986753241834379
29620,0.36059050225507133
48170,0.6202322881194882
50461,0.6001087893445123
12375,0.5449598367818147
6437,0.5580346702788415
24766,0.5667860599351355
58830,0.2502431011267085
62395,0.5735340782107311
58357,0.4231079800838665
53575,0.6054238221481373
7584,0.22743262648758536
36869,0.5287512503310183
49935,0.999798411939545
57470,0.5878115264660735
7889,0.4680630292955643
26056,0.40647676883862355
9517,0.3994258686663822
35737,0.5961901851139835
27711,0.28811980128449366
54268,0.14974434158587832
59318,0.5136058279840148
51698,0.9998260736727462
30787,0.3092081202600319
40673,0.21411359386672005
42066,0.18395096504737982
4768,0.21752641425106053
5563,0.4365213985819106
37414,0.17740495963135944
41242,0.43951632709211985
34150,0.38239533836687506
21717,0.4262460278584153
18107,0.4407919024477632
49239,0.5194351134196208
44134,0.08130468308273031
64223,0.30686091885518796
23767,0.31009812507438955
39010,0.5294927609348776
30246,0.2091185467551619
14540,0.5922633646249568
28330,0.4008770497244355
52686,0.4527115286150384
34014,0.13691545921639767
12098,0.9999599363482221
55986,0.5740417152011925
46050,0.3545738576919097
46572,0.7682553869973517
20861,0.5294671029092298
54084,0.6038390264020952
30565,0.4424723114214288
4338,0.48077267559547954
52160,0.3548669793259255
60266,0.21099353395456402
3946,0.24445943905329093
34374,0.4200332924032766
46238,0.5832224915880722
62482,0.6470274880520388
39268,0.5514454967244062
29017,0.3410666050991437
8902,0.48836360147340485
13677,0.4198968461772563
48199,0.3945361861571228
20964,0.2810491893060621
60381,0.6867081631303926
2253,0.43532057943509334
61844,0.3859613252783307
5427,0.3925463100237313
24427,0.5695264266390923
2118,0.38790696421532506
52301,0.46441205130865354
35400,0.4846283984636472
31874,0.4661003468126263
41685,0.522571628513419
25628,0.44959456890497135
49593,0.6663705086681062
53882,0.3067193583301548
38653,0.4227247979341238
4170,0.11457842953582961
36738,0.3532376379483182
44118,0.6561043565603486
36196,0.4046521429363911
50749,0.3831343141285993
8164,0.42866086609574683
29164,0.32543456669933485
6640,0.18668475991970288
62113,0.7750286252089551
6174,0.20388770787727326
26280,0.3094588635408749
25933,0.475989898074496
29503,0.2393028796657187
40434,0.2774500418363977
23524,0.3341762877036713
47699,0.4781248679956237
55335,0.4378921348298195
17319,0.68308975196559
46280,0.4004516524206897
58167,0.565886758279626
1552,0.4744223602913662
63906,0.29615004154973357
34145,0.32627909501899227
42518,0.25985358520605795
17162,0.48867939960314793
48333,0.4426387271096086
22706,0.5353596463417586
45384,0.581062946042954
32405,0.5947585688040099
25476,0.5126996193838712
8945,0.6645309361576035
61170,0.2823512664914918
25794,0.7477375620812742
54002,0.4915917147761164
31285,0.4681850129099398
8574,0.14345713527689558
48645,0.630658218699929
6741,0.6040106056808849
34465,0.319294939620354
22509,0.6558977464337963
22583,0.5210537391895362
58085,0.08919034881908462
14866,0.7113980858023033
44074,0.6500952276157265
30230,0.6551023618540132
13645,0.5278428390881048
12537,0.5249913457606955
8741,0.22114449039482723
52306,0.3265593590383719
59936,0.28749518833114485
10956,0.6230766470747665
14690,0.5066259354213904
57852,0.8739988723961825
30427,0.14445999556208824
45115,0.24595564202434167
18731,0.17314673803413605
30620,0.49686826683297464
43159,0.3359356220267732
942,0.3015844994623444
30458,0.3552927759401611
9961,0.459029807324637
27318,0.37492663896554207
14782,0.6632318659098099
17426,0.7001412518367744
41782,0.8846590218017854
7004,0.36162595066737657
17263,0.2833084151764874
28933,0.7816012904580807
61403,0.6356688726092972
10707,0.386558222879334
32462,0.25689109551011013
50747,0.27465605780806684
3843,0.41601726045619436
37145,0.9999223633404754
7050,0.6293089542199546
36351,0.5774050761623956
40328,0.47534598833163316
22700,0.4434882641642314
31745,0.41721787161986673
9989,0.6012953481053621
48820,0.599249816242595
2648,0.4146980236590299
55645,0.27983565305301217
32576,0.49651266399725
62109,0.3537092415160739
34694,0.79357684672897
45201,0.7423545832333942
21669,0.7118381698078983
4517,0.3556704928218601
32787,0.7522017324537945
16087,0.6871675096796483
54283,0.3856049567848491
64754,0.287110110198992
7319,0.25599332105429456
3663,0.34923477205780645
475,0.37140520014046263
59137,0.15733370766033364
11187,0.27679475095988987
38709,0.4063296148326358
22938,0.50555495023867
52871,0.6294790579933898
40845,0.6500904172588778
40485,0.4225094116000619
19585,0.22133123309492453
62747,0.28151325104586494
32516,0.7918210949626471
22332,0.6517995547396057
55292,0.4607181800505315
18251,0.47303229292536586
8893,0.34115038312872487
64576,0.5578741229014841
8017,0.41201624046357926
52260,0.4751155413912354
53170,0.3276321492167591
17142,0.4389914109897068
12386,0.4852644456595923
57213,0.5940391193983616
16650,0.705474567327804
62770,0.6767020030466038
6453,0.33482963060617915
27656,0.6324969223534557
30400,0.30084517179999526
2753,0.34395418532888905
40534,0.773077752739833
25609,0.09192253843779398
19962,0.5362675311774473
4015,0.5762652923322162
14801,0.7612552015934682
8444,0.7049559686139003
14105,0.6687126727350126
43914,0.6782393235326922
24617,0.38178226939876936
19114,0.1574847528442729
50740,0.6673501131055039
21331,0.7053752529092099
13021,0.5020144050170968
48003,0.4595367758468968
33110,0.46642575374643486
31329,0.20126240590640826
16716,0.2689643866460485
51342,0.5783367317830668
55775,0.4031027531831289
55450,0.6963906138974312
37180,0.540638745413439
50326,0.4240567608403491
40830,0.5542340232556436
6944,0.3062242124648798
18861,0.05945022358944829
8687,0.5444788262436036
62169,0.345282304944967
61778,0.3230586581390244
13005,0.2888875655061519
32365,0.49323502930278534
42242,0.7515218415998476
22858,0.44936897675131077
3496,0.41454862559156036
50735,0.341542824218986
7800,0.17714351518210553
55536,0.9995419600115997
6206,0.7139614029130732
64890,0.13335699699203124
32495,0.1106981334705649
34866,0.7682001480051017
20409,0.4910798206635517
64912,0.5603783971930676
16203,0.6810593471925945
19785,0.43906300336891196
2076,0.364929292112865
50822,0.5346125724135552
63871,0.7527241437216272
24947,0.8569790676115454
48456,0.8832691255284766
54100,0.4769692198376979
48630,0.7074949456827448
31837,0.4900766228555482
44556,0.3772374433860702
6002,0.5620582993886174
17944,0.3065000430492445
17783,0.30514701811936407
27353,0.7706588526166375
57046,0.46335764627643183
804,0.4388712785740469
24333,0.24588652983880868
23208,0.3168040218579383
45733,0.41875181351308505
13163,0.24002487527033892
46961,0.3333392757635529
30494,0.5310249329109785
5958,0.6068102269198955
44368,0.9998282114636123
37104,0.437774416978698
2157,0.4101330728438981
22370,0.6343247825877351
16059,0.1036406337568447
22573,0.4626898115317112
33921,0.7750806811455824
31728,0.6877036003095707
24208,0.5272680307894687
61645,0.3115924194096388
50346,0.7456605182353265
19967,0.35500536489980655
6513,0.26161477370105024
17038,0.3853346107119802
1879,0.5489652602563889
53595,0.542880863397387
35583,0.5004296574922827
40925,0.31900722279744914
44607,0.4019164452356492
4637,0.9997457501421714
42334,0.625424009158859
44827,0.4581187029147771
39630,0.17836202891705363
35606,0.20907786077415078
11897,0.4987576781456844
16935,0.31282711817257886
64292,0.3589354656323842
45304,0.49982835027669503
27124,0.6207190057117065
16958,0.49103470093017454
35750,0.5366286621709949
492,0.35014542871211524
49737,0.5538784183708234
116,0.45106326392027163
60772,0.7779930707239981
28359,0.5048604028338386
17931,0.27864239105589567
23751,0.280186507470637
2731,0.523473331969986
11071,0.24995549373555373
54403,0.3813060677656429
18278,0.2835212062639527
29536,0.434769423652496
58290,0.4009855414128681
28994,0.2554985363995475
55931,0.26492964819208087
9185,0.6444653839483696
36402,0.3493310812969601
36419,0.7127824191368924
36060,0.239248134861207
62927,0.4158439854878406
57236,0.31972894161623705
7381,0.23381949186522016
13473,0.3088749617211658
46342,0.38533745703199707
63655,0.7130225208681565
9035,0.49874498269691003
31363,0.5384692227265067
44815,0.3402029430573308
31200,0.28958369968161063
57388,0.43600495940389716
60626,0.1278005055809484
1991,0.33491358663429166
39190,0.29451468908537465
4519,0.527235800288735
23680,0.5817630827629912
50373,0.582996542032765
56642,0.3072858100991087
38385,0.6119426902627867
63063,0.7034294466276401
37250,0.42345466641190876
59525,0.6663810147511064
44154,0.6024688961355056
63925,0.6395689324294621
36316,0.22668248270367167
58445,0.11125003692840672
26362,0.699477407858884
34653,0.3597269894477875
24711,0.7730507492158979
35330,0.5243216170565301
19900,0.2090042366500362
55543,0.3815528501646381
55619,0.6420951117851779
43386,0.23653842291292967
40496,0.30988542226456334
35688,0.25770945538578593
44955,0.498908034578563
55629,0.47654287157702735
47879,0.2135884321598985
57015,0.5905279159016641
31035,0.37977782165487484
18294,0.6154553152369114
63606,0.6713696622854274
30321,0.10657347026984913
61278,0.5055174436816021
60131,0.4907775642106639
33905,0.44089444149179746
15342,0.311689432136548
46985,0.4403754782626754
13596,0.5970317518604229
45801,0.34677130196664874
29835,0.5516562752332957
49873,0.5262808416636502
46272,0.7118106386300329
3498,0.47144868930311534
39337,0.47254039831613875
21181,0.5290235886893767
56313,0.6623907915619016
24697,0.7463300844336879
28626,0.5224054194626967
37119,0.9999526990193746
915,0.3808265445930217
18200,0.5286626805443132
39355,0.4408696089934844
63260,0.32349156624320197
39077,0.09760081627098233
33019,0.42250938458371134
9056,0.5450529461983196
10098,0.4073142092954746
38200,0.3316684326920695
16247,0.37082768063422983
46729,0.8684221699530896
26689,0.526033560743092
60529,0.726264066309436
18621,0.6881258913567508
23120,0.2504024998272728
51132,0.46727376411428917
13134,0.5231834550143561
47250,0.10479457986063673
59281,0.18889920692148507
42582,0.6230322754096811
33115,0.3155759214389918
10489,0.642333059702407
48881,0.337301008636115
9408,0.6615197933006672
14319,0.36944648944881137
53755,0.1841663906359643
5107,0.45028926936050356
24376,0.5080639806239403
21243,0.5525620281078508
40791,0.9999414728681643
28537,0.40645906976410034
8092,0.4487373780970157
58366,0.13016371025629206
43236,0.5024741900201497
36464,0.5020766188779118
6918,0.3566407032856631
61374,0.225738452916531
63304,0.6449546237584478
18352,0.4381360200710034
31650,0.4339220207021492
3067,0.21671931119595672
24299,0.4161306322296752
23452,0.6742054202718855
47061,0.5386714322360276
4444,0.5547170330354557
7602,0.29566386459953586
64629,0.14718180661213898
40873,0.5454866663691337
9556,0.30230447828040097
12808,0.3764445423690775
6274,0.4091655976168953
41689,0.10943368263425067
61985,0.530163300230951
7808,0.48400300920224176
56747,0.9996648335806974
51938,0.637911170286728
16501,0.3859454692595721
26485,0.3577364641499547
64546,0.47976736878184245
31644,0.163758002577688
51976,0.32714445510683643
3828,0.6505112663654924
37898,0.3705715862889125
33520,0.18769801887438511
48898,0.2814633440622347
47754,0.318638435957073
32159,0.4908271690083407
25538,0.42294674715659103
31946,0.40697863485247343
37146,0.7742441079625098
16521,0.24722646926898473
38195,0.4026178385436678
8172,0.747852480153808
12156,0.7529047266462959
166,0.0006211014593517333
16410,0.12329211055958256
60748,0.7135633438045521
37574,0.4440624295712241
47444,0.20039909276135195
48052,0.4109583497688088
23743,0.5172916080686856
48794,0.8827857978856785
45942,0.5321009143358606
29882,0.5898759033829696
43954,0.9998458589916847
38412,0.7334557201117466
12209,0.44218832132006913
9767,0.16412742923384904
61690,0.362251608248912
28294,0.14517923779416492
57241,0.2365105275227141
13339,0.10975720811614068
62361,0.323731577661079
32870,0.5207877320867593
48966,0.5107975825232873
21279,0.6370264687992043
60333,0.35118923117914796
3696,0.2806517901183729
56051,0.4740032179145003
1627,0.37413229369740303
4703,0.5418215568999578
35391,0.3450412611289151
35082,0.5030292807847908
47551,0.7644000015862885
639,0.25075110153455143
8047,0.4517067771123242
25853,0.3311829527381881
7589,0.48298403540004964
22755,0.4713049859367767
11230,0.444040535635926
42516,0.641125821660315
12720,0.3681671261581272
16988,0.6536796292144325
52789,0.19166666376640168
27032,0.1393933989254168
55948,0.6873478253503434
61125,0.2269704940299569
49671,0.6017091200179305
30745,0.7566606464942798
5781,0.6586083340549038
49346,0.3306457832883701
62311,0.5380610763960532
55843,0.2856333986006879
57968,0.6087465722123061
55397,0.5436623449420233
50222,0.7751956637297012
53494,0.33200293360776967
15054,0.09641123993556434
31730,0.4310154916437105
43527,0.5415951820569739
62305,0.35795746266953476
21432,0.6223931319790396
40464,0.36971792426393635
36350,0.44194545475162933
22217,0.6580984977228005
37515,0.4795385015189804
51506,0.1548590721463411
20763,0.4538196155715581
59207,0.28689814883755865
60535,0.34161505456505387
37647,0.6196808444328581
21790,0.8281045040504076
52063,0.5304445334757758
1877,0.6791879930427603
22975,0.4373546494469141
48482,0.26736549210226196
14940,0.7750921074007429
14195,0.3776755117065759
6897,0.2760599263985782
26546,0.5930088621343873
10075,0.5760663180723167
49638,0.4217721723017972
5198,0.5665538302067885
62899,0.5777173996144684
20642,0.17872339111682378
57665,0.9995349575469437
63965,0.45625372167542166
3166,0.7169701792685436
64527,0.1562567149265428
25801,0.5764391102955716
49109,0.44966740286275353
22400,0.5622149678625342
31052,0.4627116391062219
51779,0.5580052110921538
56757,0.28039991692101845
54677,0.4254036576846247
708,0.25916619694318227
36901,0.12629919795230715
35924,0.31068698573527526
57546,0.6155629191300511
35260,0.6799768979882509
28220,0.46072491211969585
13508,0.33575097156240075
42531,0.35790696547222545
14114,0.20840145501099733
47266,0.6654205255379271
11559,0.4106952218345398
41404,0.2753880145908895
1458,0.26309546408831985
50401,0.7283270378449281
24445,0.32782235947443356
16586,0.7514598596052156
50752,0.19939040401239
39738,0.35242178247703104
54319,0.5662989850680932
34084,0.7278200586823557
14959,0.23742542027477315
6727,0.7148493909840958
29851,0.9997891508544351
35700,0.24588625999259184
17650,0.3923711141579006
28046,0.31516111471398917
20346,0.6269485945652397
9430,0.3580386604071808
8765,0.34802222345412404
19065,0.3668218877343124
37694,0.37459467234861016
4754,0.37414242880630244
64089,0.7076603556351961
18555,0.33713347269694777
2677,0.42971461588129795
48628,0.39558212160499984
53793,0.659332066191522
9299,0.5340293724830459
20512,0.47451542606783764
42866,0.25108144419975664
10099,0.3847632594800215
5981,0.4995934688303884
17735,0.6096622245382738
34021,0.15659034569460728
13279,0.755882711507635
31485,0.23032945242440134
7223,0.17399637923663624
26391,0.6512430211662301
51088,0.5033584305586044
53909,0.2103997066135919
52923,0.37918258315169645
30735,0.3812445784211119
14902,0.35550295024827083
49263,0.38534688949659074
45431,0.41166467502719173
20096,0.47810676296721527
35880,0.8110155310471563
58433,0.5518540050911849
60669,0.1121741445716062
27488,0.3798291818142085
13177,0.6102549056805449
43734,0.5514176855794732
51766,0.6682192059538861
63079,0.34157446305820793
44559,0.4850070167340102
9669,0.2620723542032948
22288,0.5663203281122337
35389,0.4426781479795499
47496,0.7049080025772515
29999,0.4319180272179767
46079,0.37482753121561174
51633,0.35203229257654706
24154,0.6019774243693112
27285,0.9998397175479005
6213,0.3917959448219775
35375,0.3379402595467172
52459,0.4497484716547516
30708,0.22799822589157473
63376,0.31933228116935103
54965,0.6871075912766289
58134,0.5422257142788857
26900,0.9999009170906604
59522,0.5147254948543515
49849,0.6836298366091295
43508,0.17560812666728134
25241,0.5366424531920155
40762,0.3651697505830299
10777,0.34262637134686413
55903,0.6048977328068529
52951,0.6283883484317687
255,0.18277675064446672
36743,0.9999620418038359
50642,0.3275983615782815
62912,0.1820957434936194
13851,0.26619613587847624
18306,0.05045104236865421
48823,0.5165515953797625
39357,0.5961427364661951
3884,0.18444939384953873
3353,0.2254520073662902
28796,0.46772265346258335
56819,0.489469112528598
10888,0.26624855358641925
54327,0.3186096837828189
29424,0.5356321764827012
50998,0.5032650724514652
52671,0.5470862753172755
31095,0.46158785293543697
23559,0.34645573945184305
41245,0.3279926158793633
21368,0.5650312566932617
44940,0.7868318462161746
28197,0.5112775095753064
11002,0.7154494433314159
64350,0.25070058955610114
62889,0.6572449610799154
1926,0.37357123747099175
51521,0.3091687492110366
34636,0.2858727879188918
9043,0.20275078940115424
55599,0.6218304902566237
54260,0.4947767874763235
57283,0.3817224372397636
45970,0.5260804335062896
27135,0.53386406412105
20884,0.7268830170242024
61178,0.5345357018622143
41420,0.4925933325975221
40719,0.23680350352488808
23822,0.4971342383717068
44159,0.5867459640653317
16074,0.2379643825974171
17030,0.28014161568376866
22185,0.5162091300727194
38116,0.5461970272492187
47417,0.5073501625430474
42709,0.220424300845389
17130,0.47974455012110806
33368,0.4142018882892198
51948,0.27227622042725086
36796,0.46403454791700294
54922,0.5913218337556937
13987,0.5026775158520098
33002,0.3346174091474052
14839,0.48920670478251144
36014,0.4783298074577558
19667,0.24858912046343973
37917,0.355666786027593
55714,0.5259939190472002
1477,0.5392434738907135
59445,0.5688163664845711
16216,0.6592974544582059
14785,0.11283033350684914
24927,0.6989103990152754
22511,0.5755255989751619
14379,0.38573409617436677
49471,0.4118188583127633
58697,0.6830765846429121
63279,0.4002785512172482
625,0.3647739789077634
64355,0.4371985356627666
16601,0.23867901348304335
39808,0.9997840334108854
10625,0.4272961633558396
18136,0.611662180372351
33339,0.6597499295195938
55691,0.2555406347439959
21346,0.3312118604428418
59374,0.18899443420579184
37235,0.15588906133755864
34747,0.35795476239083845
50919,0.3067758615245563
11001,0.2723351551785439
4200,0.45729950874164554
37101,0.4629086140619135
22625,0.678951097622453
28960,0.5513226727266448
48146,0.68896618520751
32817,0.53908711242527
2976,0.14761819382102134
25894,0.6286111899363179
54022,0.25887922529668345
23117,0.408337752601794
1816,0.2849418237689607
13938,0.6486611809821403
10280,0.20290059019448448
8441,0.4084505851712099
61865,0.306195211452299
22947,0.7511096524573051
31390,0.27044915459540914
12804,0.2494949117233456
42604,0.4584998648462196
12019,0.3982137375196612
29762,0.18325671304534383
14818,0.5139750361095594
36753,0.5612623462924162
46452,0.5026607322036764
52522,0.29913262423465986
12034,0.4455100722263778
3013,0.4465531204861012
9728,0.5783759937431747
17713,0.43337196214805257
49948,0.44509320155219295
20349,0.5685173479018982
61063,0.3504139083564902
29533,0.6720533728497909
51341,0.6032130776441539
40600,0.3549828302002457
50950,0.5092031668281458
28526,0.44954449924873996
57811,0.29307560961224677
35975,0.2960757480494203
10045,0.4741280237808081
52293,0.4833941114419249
22221,0.27554600934167867
9262,0.5592457649162879
11655,0.7451401555814299
49855,0.6970901281208423
46960,0.6246535523804146
2252,0.37220910828739245
49497,0.445154202034522
44800,0.9412527139618515
64391,0.4015818436057976
6049,0.32528912785820463
9711,0.6879381639520509
47867,0.5314145720388989
35346,0.12580104399069758
13248,0.6505584417416068
31808,0.1884530543363635
53211,0.3356514969229201
15335,0.6648827929284838
10752,0.43690246628076074
48960,0.3174278084070225
59790,0.3228210041408978
28381,0.24799914078132398
58169,0.22947076396262187
43198,0.1830117243898739
45369,0.4963649097273411
2208,0.3388674279502439
2904,0.5552897876438998
6714,0.3937622829703779
47880,0.559104467964422
17391,0.3435607436911559
3163,0.19477189013448243
37084,0.465495343318458
1403,0.479974247196426
8460,0.3615673105525357
34634,0.17805707057349654
18536,0.18571867598582822
51239,0.6258744825600909
9649,0.12402072023321303
16402,0.3825974487169999
48685,0.4440835818503053
13686,0.40298595792862807
23964,0.4949022055072649
44778,0.25330790039398854
55773,0.1362686952917277
9781,0.296003613847286
39251,0.25885899502325016
60865,0.9995266216113698
7386,0.1450755292204415
50070,0.8006910740262926
27871,0.37353361695277626
12378,0.2650654838739458
54884,0.4209557351897402
64558,0.7951386736718634
20780,0.23194758883337419
17933,0.4032455358729708
42749,0.20895687219835474
56008,0.3024993030068141
15287,0.5960175900743815
55318,0.6413489635198567
20659,0.5482362421147905
46530,0.6233585501908813
39582,0.5117443465016858
59261,0.4708009597152158
53986,0.5136074180467428
58200,0.5695949346312762
32237,0.5287934657235988
38939,0.44612793145269325
42365,0.5665154349979536
9867,0.512236272175629
24267,0.18791378032325196
53063,0.28236709236608803
59878,0.2623437806548859
52029,0.5085667312302935
14848,0.6286260631679502
14441,0.33789511298962843
4432,0.5048926442515815
6844,0.30215626961448455
30862,0.2954785399953819
12654,0.44735529982296096
24721,0.21881247411187724
38339,0.43529128341948625
22276,0.20083746719300188
38389,0.46376734516130314
25758,0.32026725534877704
58907,0.2051684126864434
18336,0.373360665517075
2474,0.4692892405521718
46727,0.648721748404789
42343,0.2897478875907048
24744,0.2999296325428542
3062,0.5421252813936601
24962,0.30747178921304996
25503,0.2524213936147693
51235,0.2813326669170832
40577,0.430513564294443
25350,0.367935493656973
7498,0.42948235329089013
5246,0.3405490684156925
5170,0.3233297094257322
23892,0.41711655902353467
10278,0.20255388075803174
45683,0.15236856487160128
50009,0.9999103133449119
7156,0.7269858484931572
28560,0.16963869128107156
29709,0.8327185456778771
22995,0.4541131484205281
40140,0.48801608783445405
57139,0.5452157211422497
31174,0.15008362634306874
53620,0.36105790853721526
12303,0.6686714483687588
3066,0.41202122281554093
19113,0.2608899342225137
22928,0.4972166122868352
28495,0.5052050373436804
52206,0.9995691373616405
20963,0.5863096156781331
31871,0.40679777211557894
15302,0.31964600108988206
32363,0.7469608928307484
62077,0.3884567693386241
62025,0.49234578654316635
53930,0.6124157072419644
42442,0.5798425394123228
62102,0.44972246783055136
61421,0.40349262461879465
58390,0.22585385577335423
12939,0.4735586810968056
28324,0.6428505294588449
7037,0.3093281543680979
31230,0.4724340745638641
47099,0.7959511526937207
43881,0.658054979430832
33250,0.4290486138553984
16198,0.4014742354587472
38426,0.41865161374128806
29071,0.4529167017185336
41596,0.8310358440787978
4413,0.388770310463919
1708,0.6364652808814896
61712,0.24991594320108845
37050,0.15529311902925355
62090,0.3325214794058413
21473,0.7319063253847495
32993,0.999925299488611
31641,0.37869147019042576
64814,0.2875293596332177
9569,0.5999885541037029
11011,0.6195862469581559
25064,0.9997742739792024
16168,0.6544889393371357
22602,0.5329736092172243
9363,0.4431238106734208
43622,0.3272644328874241
32150,0.5524418286660384
54983,0.5410496770399895
21007,0.44808184570954473
10494,0.3590888349970265
8117,0.6222984419054303
63770,0.5488975187604632
40212,0.5626040383134007
2466,0.3214121105804203
21239,0.23100628318736338
49828,0.6637714615207834
15927,0.25468584877402034
31430,0.3396222967514431
16444,0.7026374422711794
46143,0.9998736168020791
17531,0.408346120845462
49841,0.4813105516603579
60306,0.3396508552379161
1339,0.5267068334766518
30869,0.3117293934818942
2918,0.49195044114587433
25453,0.7276561307057527
58244,0.31284350128017774
12481,0.2655055079285521
22289,0.7520462470430278
36510,0.7767888219505878
7591,0.2940532504081754
58780,0.38331410361580226
44146,0.4580416734957588
43044,0.293638284960231
2325,0.45590540394181994
52354,0.41361528052057955
40215,0.24289181175001198
11173,0.99991174206713
53168,0.9998046224598308
13886,0.5407112351653702
62156,0.14338923539694773
5682,0.4396574149557637
15985,0.1917396616723751
357,0.6480260780084252
46567,0.705086742497472
15420,0.5063807590747716
14644,0.3781419768107577
43379,0.5645821160991283
44728,0.2549696418419516
37793,0.38240495613644104
46783,0.332812124186611
22242,0.3584126785037892
56883,0.44285703638660107
41291,0.2815431119389679
37685,0.5874051240279167
12898,0.5263949157335076
36812,0.614083620977526
15384,0.15592915135277888
29116,0.5871941142315602
64381,0.33721207323597513
23701,0.6061533826738756
41465,0.7389334530734061
2745,0.34529081496651165
38355,0.27200514747908916
46246,0.2559500009942985
1002,0.235241661431848
40998,0.5120370496200461
57527,0.20864022844520436
1574,0.45825139597655973
17842,0.5095038284469798
38,0.3533397034499413
12795,0.41150370092742133
8481,0.49598180225070965
61091,0.4468101242516122
63670,0.1996712432112564
28511,0.11908214564227036
58844,0.33465715890791875
17435,0.5398716764180722
34211,0.19798993214765523
64716,0.25921479497659144
24065,0.1984260972370109
33487,0.336583839555852
55324,0.7896195475825303
45321,0.19284492375951548
42087,0.8800971815433083
8768,0.3624029055991903
27322,0.6708975615266597
47939,0.36585018616024634
18757,0.3329804426743729
58612,0.2647024144791553
3158,0.7393097453015641
20801,0.7477394707205086
34686,0.626181421192136
40470,0.39780020268353006
64750,0.37380474805209896
49045,0.557179207952792
29876,0.30226932403878487
15382,0.6984949983329141
29057,0.768353401275406
34488,0.25578674438878246
20959,0.4267425433647076
39632,0.37254601274915555
56321,0.3166084071765816
46363,0.4520745234509579
64483,0.3794529948915165
27810,0.44917027511383073
42800,0.5497301513167719
18694,0.7502350618158049
26132,0.31334493049319095
30586,0.24490104800384296
20337,0.2632026447677491
39796,0.346140548273288
18185,0.16348769661076537
50200,0.09554056133427663
64544,0.3721231341050453
39505,0.23553414834039632
42666,0.470654392285455
62033,0.45682397897556215
22452,0.7315698457322993
1386,0.5063013295141457
58676,0.704607052351663
63113,0.2620566308670909
11127,0.6802829714899895
28580,0.48529212881386846
15916,0.3308995638017666
30302,0.4187730050371234
34986,0.6308223313438668
9933,0.4908813475223589
5403,0.26464080469388335
58202,0.17555924938635342
28089,0.38760903109713946
27781,0.35060521752038176
35801,0.30457117800781675
23867,0.4189359573037349
3343,0.20930492139547205
46444,0.7091282406185938
32347,0.213979856761465
8295,0.18980976543036565
41455,0.4158073814572219
26564,0.9998379729023837
4274,0.4743691347837564
56173,0.29195647474845177
18140,0.21200415396469138
41119,0.689010364240451
55346,0.5355519336391131
63792,0.4812476302542945
32973,0.7436222605982362
58665,0.3938491384406376
60158,0.4212719942379264
36741,0.5915582937416685
61745,0.25100417892603505
55979,0.28407104589888005
11128,0.7653560097626773
10776,0.4483072105936306
901,0.26052174694102664
64019,0.09548514235895622
63583,0.20049915217725942
44765,0.2652207410207502
41675,0.09899355344389174
27732,0.21702427294011534
45992,0.2713160161249441
31197,0.5464245600540573
20713,0.5572449878530766
6732,0.40546168330766774
11244,0.4061935020230325
44787,0.547190901597931
46012,0.26561871892226124
27424,0.22751447417376866
46733,0.5093193526904899
47684,0.4216918590449018
13758,0.34705391548680886
1390,0.19456989021219864
50595,0.22833541974291208
55342,0.7117146131874608
20877,0.4408454447898399
49121,0.3560119401653889
12627,0.7344753033629806
26972,0.16061486084731277
7811,0.28921336157815614
31085,0.40455564705638586
46450,0.6529703213699994
95,0.411410367565113
53384,0.2781479566053872
31551,0.22686850458807162
23180,0.3198633152282432
58148,0.5953704321256278
64530,0.16717062360738077
3402,0.28716970272597264
38180,0.5031829182899912
31673,0.7457286808078109
6870,0.40243235967631086
29147,0.46163360074117454
7255,0.23730898596244313
8567,0.5153886222658378
35945,0.7276007081455301
61258,0.6954437969539561
8351,0.1696497647805784
1968,0.5129908047015015
5284,0.5439987197914039
56351,0.4002501708737276
4021,0.8399160179662154
8562,0.28557818432143767
30231,0.48429483138290386
56052,0.39639465465163465
58857,0.2941555342403717
64384,0.6108500811207839
53482,0.174269319064783
64572,0.09942029972811782
11656,0.4811879574635483
4520,0.31644171803487786
39431,0.4879208367061225
4360,0.7297757632962711
40649,0.6193232052890044
59605,0.7373113145009186
19761,0.13066611035277662
53526,0.6048629590413855
11664,0.2072499046791715
46970,0.9979925862574897
58494,0.3297237207377296
30079,0.4379389322655199
24221,0.29939552291253685
12659,0.20158666746269796
24268,0.9998839107724179
4445,0.20496272030241894
46202,0.4131861682943328
41945,0.2805228476328872
62310,0.49051862763607346
57144,0.31909628244977895
14518,0.10336069098195773
32283,0.8063278206213456
52700,0.33526534541671843
16573,0.4322338818662448
27215,0.5417288607503595
63427,0.5023687361053452
49628,0.42211863983035486
16837,0.5943379246966374
20452,0.9996585808244143
61936,0.31469362100987197
23530,0.3132062128853252
24507,0.5717641828271383
2681,0.417135741555092
21665,0.4034973681577081
60198,0.45923626522426986
3048,0.45267846338944556
7676,0.35249377952257
3114,0.5272521938068898
13690,0.7856952949418708
60444,0.4641645487108633
34047,0.5666954713739643
2384,0.3272300727725939
14516,0.5313436687467703
16852,0.4204887087306896
32896,0.501938383097096
49324,0.4519794668645962
48584,0.3848740035564067
47896,0.4958854908932992
60567,0.70793902132806
12173,0.13891523535072392
61159,0.2579722007846297
22615,0.48746219822066167
33129,0.35599722965143
35676,0.9998800833333159
11977,0.48462040826183345
46434,0.9999686863893806
5214,0.24195525808954235
13421,0.4707157161648278
51596,0.4117970433939777
21115,0.6146815178183385
8253,0.38208546341106875
4707,0.5724843431551976
61206,0.32888965160027545
18230,0.47351662197244443
45546,0.1395906574006251
46321,0.44488826331896963
61528,0.48602147146936997
43030,0.2189048754131514
48195,0.3757862872173824
29622,0.13064695028896156
5048,0.6572169120804774
54362,0.49628782751362893
22047,0.31987184683275927
29767,0.31373515907368443
8305,0.42398791487879156
7754,0.3784683592554875
11546,0.33559031263927214
18245,0.4667207945045338
26104,0.09023282343498323
8477,0.531276372920307
61573,0.36492731871549056
29401,0.5039404016808614
43493,0.2950904353222186
25807,0.555572857365292
2194,0.27688807391128073
3126,0.8120822593291561
15663,0.7777954093002598
31140,0.6227783109964887
34016,0.5492637762683144
5821,0.3498308099625725
36632,0.2525774662111898
54554,0.5094745022485033
7111,0.3207588707810791
43065,0.5736426303262123
23462,0.6408408990284763
15590,0.27084690817444496
3802,0.28783882009992984
37905,0.21110652180202777
18739,0.14745722368561967
19624,0.3112717081825541
63867,0.27174896068066834
9573,0.3493312507374053
11141,0.3917466347147868
33057,0.44719658013387553
61395,0.2800885218172673
25227,0.3132493366708843
43278,0.158204435622365
30348,0.630617412342776
51032,0.6402628062433928
24557,0.2209433927605783
40687,0.445055794521164
3503,0.2646204757720559
10942,0.4523236433741075
45520,0.20779989830069562
41725,0.4597769797658889
7857,0.5271372376371943
63467,0.5343075434686431
8128,0.39853646639721485
47112,0.6123691848309938
28019,0.6805301059639632
21677,0.4858089030100888
5769,0.25000995145664573
28137,0.24409444679050593
44103,0.5264498066404605
1418,0.600209519389787
33654,0.29208984656201853
8696,0.5008848866414951
34325,0.2645386620053044
37397,0.2671030383745932
63803,0.32590116002937014
53099,0.6120099013918365
33806,0.4391992358945828
47692,0.1395841508063133
26935,0.2898521357196899
42355,0.22239070952757703
58368,0.15828918795938504
58579,0.361325259944511
62942,0.2403394459653507
60722,0.20396482908779637
58325,0.4076389206037243
27689,0.14529236041805296
1283,0.6744972118171638
33098,0.609081558754215
40350,0.47341381912799246
26050,0.30805718312732716
53994,0.6049246702801165
37244,0.42064084917187144
27539,0.40836576715015654
17148,0.44082897250605363
42426,0.45752471998073896
57848,0.8368618548489266
10341,0.7156654403843542
29561,0.5513773768529225
9836,0.17545741005715168
15143,0.3547912746237374
38100,0.8304492216506474
40958,0.5231343334701477
30725,0.44100268886415084
53355,0.17156143889399367
32606,0.6204749542341869
51991,0.3561222974003961
7127,0.13672040230160776
37987,0.155227086257419
16933,0.519061760347521
31479,0.3574016731828275
29617,0.5482540978337742
19533,0.1373392509085001
44704,0.18475997255927512
62989,0.5382891355083993
15820,0.6878947056450446
56971,0.5249850896217815
7649,0.39886741084806904
12753,0.2616631563050777
36430,0.5504007640668995
53945,0.4022545770084447
2345,0.2282838826702478
32165,0.26712449270122207
55469,0.6068307876185101
9499,0.28812659509899985
26662,0.3012464687591401
47243,0.21840832531125592
34344,0.8342452784435344
58429,0.6249173455087809
55811,0.1027528647506624
49910,0.32602352743151475
41746,0.14649058719463093
7531,0.11129340604382869
52256,0.27664835448634717
31269,0.3405188312285664
2114,0.4518364384227016
37012,0.4625998782835022
1328,0.5976441188792894
12678,0.6039271790946873
58359,0.43097356625869926
31790,0.057635155891452114
22526,0.09565580194281
12786,0.35787932898272395
51208,0.4585045243022012
43420,0.10315386188602514
6521,0.3326849996664953
7675,0.01938322009443303
20355,0.43517619176334177
21910,0.9999186601238303
60541,0.7245904136241881
17819,0.5422627675596126
53403,0.5174596053659436
19080,0.48991736952533155
63585,0.642125973048331
11984,0.4260259221210285
8520,0.5535621934096561
289,0.40215253147441676
1309,0.390369913018635
24492,0.45740988508691205
33784,0.46311153436814995
49805,0.3882401540936939
15448,0.37310145663584515
47127,0.30726917798516
49380,0.5532688696540476
40725,0.6324042169309257
62007,0.6007797708058191
22478,0.14568463876345
5387,0.6688339493319053
62762,0.3086800447102675
12027,0.20000019914771497
40969,0.2816695514342319
5861,0.49436464014347353
31402,0.7492733648261424
52727,0.99950382196622
45132,0.5257655345497674
34970,0.7565154628068673
26332,0.7376759593425101
24332,0.18402145183251445
63553,0.2759405303845182
40932,0.5283769222562769
7683,0.3245858670435114
17624,0.16688777848314176
23393,0.24355912805201416
41843,0.4027744757730478
10149,0.34149649857077025
46476,0.09431790213746293
43182,0.4638362415565768
32749,0.22365245864929748
63086,0.10123385141547887
9795,0.5682919074469268
34415,0.22860185006985476
36559,0.6210225037171831
15427,0.3142233595618958
44482,0.5070527511023543
63832,0.3401771084105959
39487,0.3850037151374176
7682,0.5201917704391114
43692,0.766468875634259
60847,0.5753948265396873
23206,0.507575250065629
37228,0.39320378686430907
34609,0.18314362502314038
17716,0.6223523392181215
41274,0.6036887057270224
9865,0.41601844088443174
1840,0.19323829280652163
33015,0.24664520081932953
63787,0.4048619646353884
51655,0.4498566062635675
51661,0.5278494538142998
26230,0.4644994201012056
19610,0.38185549012118675
8528,0.3073191238720224
41600,0.33219371346427684
10950,0.522947500946737
47617,0.5050441791618184
22023,0.4015897717496344
33619,0.18568398410223913
28366,0.42006656774021006
15552,0.6344528335020259
52754,0.5477435064855897
51060,0.4259838309393509
25351,0.8325354058750738
9176,0.4350326700166716
5829,0.389581962573241
4837,0.3134234750379075
14629,0.6207435310092565
25409,0.064117715884498
34149,0.8052689963197474
63805,0.6149635552757209
28665,0.30681076976663174
14453,0.3049302786654108
48552,0.47331575980996404
32521,0.43732631469426875
15011,0.46201015497005493
14123,0.48024514918958644
59965,0.13871201259311555
63495,0.3896927630679942
14741,0.3768950059135793
20448,0.4118713477771581
8467,0.5498744222194684
40617,0.4946426879089869
27651,0.5682126825627535
46368,0.39403202091018924
33012,0.3304425052864731
5884,0.35076315637967037
35998,0.30343409166286056
41726,0.26370340755255345
55193,0.21832871071155846
60547,0.4002644283855123
32559,0.5489386284635789
54509,0.4462219714084739
57450,0.24890018165002661
22036,0.7046074634450011
53359,0.4725907844127262
36565,0.4132207219579042
28045,0.5012994099475392
20866,0.40703295154467606
17084,0.49255467678386855
36865,0.21402912701942187
31432,0.22075715954423936
29875,0.4380861529595945
21173,0.5254048149027317
35474,0.29830690778434743
41300,0.7580140283493765
52584,0.6741636907464905
30492,0.4501805969446644
42199,0.17192522036612673
46156,0.6755682554082453
37359,0.30944353827669
47656,0.8438824483917864
58328,0.513498752797224
26270,0.8806214817502643
26893,0.09838836501878596
13540,0.15511697187178258
48403,0.554762432665635
22914,0.30137840226736246
19617,0.5356142701098155
10624,0.2207747891113538
32762,0.6684804447165457
44514,0.23258401858284453
63161,0.3394398134560741
25033,0.7042909898393619
62718,0.2628928778530531
16018,0.4704061501902448
48351,0.28247158880734025
37959,0.07203761158984474
29656,0.32375826560576804
52118,0.3981028583847328
43383,0.7034752684294968
9868,0.3523853201662016
48536,0.5365888697958385
24460,0.3052721549863833
9040,0.3513261058472774
55720,0.735624574614284
160,0.2463251289949071
41111,0.5310398844328651
20737,0.6630002184237453
27730,0.8497729021456465
45290,0.37530569520594087
17461,0.3511030008195247
39427,0.42813053887100727
45465,0.8223159023028941
35266,0.5522421092833228
26942,0.21013262259555665
14315,0.2419255819256146
12159,0.24541965907861904
31086,0.2379359321695376
18886,0.9998986122765191
54418,0.9998192562236475
7965,0.6706582328299806
16851,0.34142287849250275
57303,0.6079243312953575
52931,0.37300506802387445
35648,0.2275632037064063
2356,0.3531329321572456
4299,0.26710850866488944
55315,0.39714095201264743
56775,0.40788710008754664
15793,0.20618209565434464
61241,0.15443567831341679
38538,0.6307372032789093
18324,0.6357820351223036
22037,0.10749307145403876
63509,0.8527915154695923
10617,0.16599801706573564
46250,0.4514759543794993
26309,0.08462398387532467
47265,0.548293961299716
63942,0.7005379947812699
23619,0.38793032469103117
56021,0.34169439441357724
63654,0.3655926234089967
43165,0.4286439559732648
44283,0.11800275248486702
38790,0.21975692821632492
22282,0.07456553180179283
47377,0.3630400784895284
36138,0.37121502082612723
34002,0.5250667192232867
23595,0.6070341713192018
2430,0.20325062859810897
15729,0.3637232327370828
37680,0.2524428083435311
61289,0.2562687502520632
1282,0.21656530040164948
12493,0.28502973324419056
12280,0.1604253436730558
53569,0.4528771607135202
52202,0.2988101363694069
41408,0.4431960270388794
11996,0.2583308441058315
7345,0.7213486263336879
33961,0.2778024531252663
21289,0.2352290841281693
20388,0.18939163292032468
62471,0.23712582415456598
24894,0.19851589602978684
22063,0.19508205976664608
3947,0.2543545616786992
49276,0.6540738931252826
62206,0.3905510853410395
20458,0.7389202046047677
16588,0.6475756502667652
58775,0.7065093455706293
55686,0.30932999277329565
57928,0.7634243696477303
47750,0.4876316466890208
40243,0.43931263051071945
12662,0.5681254109715451
12634,0.6326885836748799
13904,0.2756181078061602
48191,0.30297047403472455
29819,0.4887655959690681
56606,0.3533169538876567
43084,0.5789808767822476
39656,0.5435398131804227
5027,0.19714295639831922
12605,0.41233826386938177
60715,0.5143966106901958
56374,0.44866648435969547
18094,0.625975633417815
29489,0.6402238230668817
13625,0.693235650062626
32224,0.48781016488468304
250,0.46627064304109606
2082,0.39131903989062133
5421,0.5906481273473106
54183,0.9991407439017339
13883,0.40319481295456566
33734,0.9998398721261977
21984,0.48994801431369783
35237,0.6879739968453228
47286,0.5314219085400723
51280,0.43929686011901997
28293,0.5827016756261881
49270,0.7492508717450823
49911,0.2027501966380798
38304,0.5452562072595296
8379,0.30437748187010505
56270,0.42912662247742345
40646,0.488332666392829
28260,0.4522779168817445
58171,0.7181433206934585
13362,0.6754922733963463
28566,0.2672090808585271
56161,0.43162903590930096
31770,0.26321144117431233
21294,0.3042039772610375
995,0.4079563705068247
27696,0.5154553826896127
8997,0.24675057817158974
45071,0.36280731031178165
59178,0.12047803501342813
44670,0.2920177085586572
43564,0.2830782739208479
34997,0.4953386889491059
34607,0.3690308925169557
51548,0.7420439519456321
2130,0.4037480296745764
27578,0.11315929104737732
57662,0.5415430457849001
42614,0.6031810380228322
55582,0.5469668341351209
19429,0.7175213006212099
44999,0.15975113700168037
14830,0.7439689973912456
8079,0.4003069047833823
41937,0.28333205129036043
22533,0.36782127447660556
18029,0.5557528700441642
50951,0.9998368100473969
31794,0.5645662512107295
9284,0.35019997116798124
5551,0.4398401339557213
6430,0.42501820947096064
38772,0.28339630407396144
10290,0.13388557451249047
32215,0.5900470338577453
32488,0.5252077757334955
44481,0.9999388231166959
46585,0.42749259384396443
60061,0.8065844573464571
7449,0.3691676598023288
24561,0.07666451036283706
42052,0.21229119873251429
9944,0.42079421898394487
21776,0.12032733445840729
15638,0.47934912490002046
19652,0.13924449376639803
51207,0.18265838778233592
28819,0.5942496823194421
7935,0.7000662188131791
55865,0.49498824139720005
3704,0.46297360504162166
1354,0.4700268954979775
33203,0.47343966269850246
37045,0.44923085150653225
20726,0.48511185790564626
53019,0.4067696537263259
104,0.35953258820131273
17816,0.7353105509248258
33601,0.3007020482989137
32573,0.4732786833198066
15837,0.3687821182960587
1424,0.6083148193684205
51180,0.32799344946854186
52519,0.4169605660503515
60373,0.7276382214325483
31880,0.5870180367318882
3727,0.16424670991819018
31139,0.40622209332655224
21221,0.3378861093913681
56789,0.24711900917341464
9030,0.4331425024157778
7099,0.7694678700543638
30337,0.5840146442246749
55487,0.38486623730895364
1706,0.5869566601302179
64666,0.11298679264195945
60282,0.411710809497919
43452,0.3519417152143539
6216,0.6562980525500302
4361,0.6529310258920303
59638,0.4618299072054847
41761,0.22612848217929404
36849,0.3723947190974282
60491,0.4736963081946856
38667,0.320651640513715
36813,0.4026119651838395
38166,0.1418996378744344
14736,0.3169969465943679
23874,0.787862529699979
18516,0.6320437974765538
37338,0.6503761837227237
14308,0.4938566166157743
3336,0.36329039782396
40386,0.4072822651174198
31295,0.4670318290734462
62592,0.6324137308601349
30275,0.37532800374541275
58596,0.44018772434850173
36646,0.3602170716338061
40204,0.4074970063748649
39449,0.6621951107199604
1612,0.3483384172997825
52182,0.6229424889038483
18748,0.9998351626492121
15067,0.5714108699884823
14444,0.9997592626765606
52092,0.1752884620479369
26720,0.40125416342834846
46124,0.3312095661202509
665,0.26499611376782634
61069,0.5619799397319746
54621,0.5550502253219807
62397,0.537763487617218
5298,0.473031986792921
13511,0.9998559731071796
14169,0.5353734351030561
44156,0.02895484245449712
35002,0.5976181912081046
58927,0.3735854543742993
47566,0.7723062302324252
55513,0.4098141929914329
25258,0.5377920157237884
41942,0.5454752328324168
28951,0.9999570189245265
47973,0.31254915930385846
55208,0.5759769929909897
56378,0.32849338905835107
59991,0.3197044951436919
58556,0.6718045872784508
57005,0.4420080971251003
33879,0.475580569125606
51456,0.3743519644741669
4326,0.2749632596799719
12827,0.737286188111071
7346,0.2387914400301337
17489,0.3247870479953134
50926,0.9998790729382697
18126,0.25515652381480225
36744,0.6782902668316994
57604,0.37098241612797384
53457,0.508112444871511
32238,0.3834949639267215
28608,0.5359372185551133
14477,0.5324879879387071
3281,0.29722945928065003
25474,0.3979578417044274
368,0.48109547923855506
39401,0.5415170479312951
64636,0.5627180180134526
56870,0.21747996193306018
35559,0.25258519613231273
51746,0.3752614804851617
583,0.4055226487284485
7162,0.6756675239323021
39359,0.37357925802202163
20649,0.3947554674005418
26447,0.5534145567243824
45639,0.5030796930966076
11635,0.6448008825252478
58346,0.32764557926118026
61197,0.43545256752755573
19584,0.46000333699784296
24739,0.0856594180808427
2958,0.5751440033130394
33893,0.6282713757269335
58333,0.6234535587941451
48733,0.2285018574996096
29261,0.33315486395968114
50484,0.23051575132134944
26715,0.306827664973934
60945,0.39182562500344964
63351,0.9997969562547439
36658,0.44001334025705546
24597,0.39117453379284894
44439,0.12608823318444018
2052,0.5019417223514635
52513,0.2866504774340679
23127,0.2909806638002993
12439,0.5531216178209983
2453,0.6745855577469553
2545,0.5404632681097622
44198,0.45783405508149416
6125,0.8904662520857588
37930,0.3282426484020124
43576,0.25882936032369114
46730,0.5684184877503023
46311,0.24940031084827188
63373,0.1223184393246817
48623,0.3676782519527742
17888,0.47173355273300793
27753,0.696502907904338
48533,0.3915874438286926
37695,0.4086409025410466
34193,0.4311199608811421
35325,0.6794030879880003
19469,0.4752328479018554
42210,0.2837011268074145
32234,0.4155085455974534
60298,0.36512805720057817
17887,0.5679128618391801
50304,0.30323537507483017
18885,0.49735155216149673
53916,0.4415033234278481
893,0.1921035205913274
46661,0.8053735800979714
60598,0.2634888472638701
30956,0.49706323119635704
43134,0.5149892859930624
7445,0.18508371455817277
52283,0.44604326656809995
56340,0.2991646218972453
26566,0.12056923863575483
2999,0.3782347460531626
12768,0.7650994309816886
8546,0.20111426547440803
2841,0.38662262828194893
33700,0.3817428090566269
21131,0.4570366953699239
51522,0.30681495616725524
32890,0.5104210476523203
2134,0.8214665721862436
21704,0.7250143621456167
48279,0.5343622718133803
1164,0.5189115822149356
34934,0.6786124596406571
49920,0.5486852719438794
52508,0.6151577512041065
31616,0.8175953693680343
21727,0.10986474695641744
4027,0.3810691842722956
48872,0.47841672519307155
14220,0.254036865545134
49929,0.7362486120051837
58038,0.6382510327634211
37091,0.6550127712438328
53454,0.9998950891342744
716,0.6159263144268557
37512,0.10146076820893045
43282,0.4053051852059461
4306,0.4954165449638889
48091,0.46739928224160143
10922,0.4494738454802005
25471,0.4815673405039698
58287,0.5592530255506863
20200,0.561793986241591
53762,0.398036724265389
60186,0.7063091770406625
60436,0.5296943408629744
26372,0.5981757033089304
62774,0.4010289234774904
53676,0.3319164051413783
40934,0.43089014174251183
39311,0.31203281572313407
56545,0.7082902066396439
13852,0.4098531988239785
17019,0.5369921942942368
7234,0.691663257927123
12060,0.24616536277380854
53035,0.20382879121974912
42063,0.8158782394873415
18349,0.35279423123237164
48653,0.3936706518328847
20459,0.5331313758427687
53604,0.4701781666765642
45167,0.44699288895526246
26269,0.6422682518159463
38006,0.27875915262850126
23415,0.8128851953431715
39599,0.47028030808361126
22051,0.3660257996643918
41321,0.6171938039818944
42785,0.3461818051913064
14202,0.40252164857174255
18061,0.35828980101559343
50268,0.7169473905023784
38473,0.5101152133360517
53188,0.26467071774974266
36412,0.7664795190834467
31064,0.5494076755869753
57434,0.6205690457049917
13188,0.4699962260899867
58529,0.5701734628150971
42693,0.35258819879539355
58989,0.3688702195847185
53681,0.2819878017691542
16793,0.7462009303530455
42657,0.8894722639665642
48945,0.35499215034142634
49424,0.277893918273529
60272,0.297235488124408
41629,0.18277520625107468
33656,0.19409505334329594
45591,0.852424983393156
22496,0.4882174918049268
62494,0.20044175639255188
16265,0.14974699259790075
64336,0.461778387036363
1581,0.24508114776451448
18826,0.3084907276623439
34098,0.9994921303128385
28550,0.5458681110865916
15152,0.46477686239176386
60421,0.6335245437776428
9495,0.38419175004332484
35802,0.6244441323918458
17081,0.4526696211450004
45420,0.382732640222162
56656,0.7004464304697702
56638,0.2916149509807477
63524,0.4135755260213838
62087,0.8604057741329282
55048,0.3280116762168167
21543,0.36418811367996495
40698,0.9998830193493624
35960,0.3364264423260195
4785,0.6821157070469331
38873,0.19255113051347175
62939,0.2647640905771226
29823,0.538698047932206
5321,0.2765042376722566
53571,0.1897220610770278
12115,0.16315407767022988
16073,0.5997227415586285
55725,0.7901436763594334
51523,0.19136922806519596
15862,0.41779842443713144
61952,0.347908110618291
4010,0.2727011962719473
10072,0.3098431655020999
435,0.3036127507231339
63779,0.4231853933229661
54387,0.2341546312005699
10185,0.35724470937319525
11787,0.28631458574520524
62118,0.07076740928490019
32502,0.49319391748103153
12874,0.26880088012393744
28156,0.4948182061151805
24076,0.45683416071542193
20558,0.435668903973374
45868,0.23934367514551375
18498,0.38712746817700167
55533,0.5024904745342296
6645,0.1937112878483557
37727,0.5403129693913067
2575,0.4212944824462106
56408,0.3539461290015481
63349,0.27275924726116046
39809,0.5970652450131324
58005,0.5807288472060996
54145,0.24978046456584524
34910,0.8200634863694133
14899,0.628222494288436
1023,0.4541597203951289
2489,0.27389143479990835
60661,0.25563629651931125
31651,0.252257939638213
5905,0.5080416800234275
44312,0.6539887281071629
18675,0.4516551961594833
55435,0.47533026069840134
12925,0.2514990503544098
26184,0.13203945218454682
58650,0.5215437608438396
18991,0.25733396144784265
17015,0.4439847817403479
19735,0.9997529827274713
27761,0.1516483561876248
5785,0.4427110786664622
56488,0.6075476958849191
64627,0.654908533830492
49126,0.4432797758522686
56845,0.17266150242091757
7479,0.337742704589693
45999,0.3961155778561278
32222,0.5621110969025062
22637,0.4347670027051592
37982,0.5547620571251682
3542,0.6537927514364066
30065,0.7371780885593678
1656,0.37263246468348377
55667,0.28439386782256315
37621,0.22812053359637421
1277,0.37641580936197466
59623,0.3167463014462298
20972,0.2981669050635026
57901,0.5919127182062108
54205,0.5377479098775299
11596,0.27317330706050014
23264,0.32401130870066963
11505,0.25618687370805115
7998,0.3217815843258988
47322,0.3603748695502004
20710,0.4154844794679649
47177,0.5802562076636764
1401,0.2521191123343081
40530,0.5215552269517566
54146,0.5161098597121369
18841,0.1997382480568962
52099,0.49564095544548914
1691,0.35514991785910194
25887,0.27671812404370744
45180,0.31152746513385837
28186,0.3044056609640121
41745,0.1327668775510048
2087,0.36993709497353516
13727,0.3271528737632765
24433,0.8936160094902762
32291,0.6549988582644675
55398,0.5159446814147406
18930,0.4943858912344289
47441,0.22471324381860538
59082,0.34393111685080624
3965,0.37545962485334167
12459,0.16401019611572232
56635,0.17639042485086198
60839,0.5659489591620442
13373,0.63937921575735
13,0.28027348439568456
58948,0.6177504204826614
58985,0.4067158895853825
50844,0.6077391010368934
36072,0.46950755041039677
44298,0.4259219393884463
14596,0.45095762265040823
34447,0.46114477105955914
20705,0.4922361551537476
11170,0.3658744690504634
21423,0.2755725145966949
6620,0.2159504074931293
29576,0.5252715114387138
27908,0.42174511697088624
7436,0.1703458291978478
44143,0.8251762435308841
53989,0.6876456374628561
15300,0.5181047289325584
59540,0.5514907013121697
11967,0.24614190928921897
26683,0.35971052137352977
51497,0.5972069859079654
63535,0.48577475595037034
14992,0.8826495498572686
50689,0.44732810376810556
10935,0.44945647126698296
44211,0.804438865343358
47728,0.583644384502732
6933,0.387700582599792
62884,0.7520231696176664
20699,0.41152551754758004
32013,0.4386730638328668
22018,0.31493627744136243
22885,0.34878839042137055
21729,0.3120916371197398
63532,0.4542698416377929
50266,0.1658224182615884
25216,0.6128399020408266
4155,0.47768659069986896
10522,0.3395605602369443
49294,0.48918006499078387
16445,0.20386669230796917
29477,0.38675926913846137
47830,0.4001794962856911
7984,0.25313983081285785
30674,0.31824664140904224
33306,0.6952377555194497
20208,0.6687223759687133
43952,0.5484055763369149
32432,0.3183155805352482
62187,0.6984004564402889
1504,0.28616854873183156
48117,0.6482545689439977
8693,0.22959565088762351
35414,0.9995336640108626
24935,0.3407363596545527
43957,0.6788285079236751
34552,0.7564964616844995
29643,0.4945619830320652
5845,0.5365463089981934
22921,0.5527769963404353
58630,0.1848163436865844
58854,0.38034138658245553
5826,0.15626153018870423
54882,0.3367532920849008
12015,0.27260517069309187
37248,0.3530724495088939
3675,0.30616669860794316
13805,0.27815035117317966
59644,0.5202269546201908
7747,0.43272774347447385
45647,0.11813697362437989
16758,0.5748873504715528
41141,0.37988506736484845
37113,0.1776939610438365
16184,0.679034051183792
17020,0.469545528606015
53095,0.23798698761881154
29938,0.4918271667925645
40387,0.6112238168198566
19144,0.7414956353078285
7285,0.45486254590583103
49512,0.3496379807222939
21178,0.46921485348385145
38098,0.4808748431740667
37185,0.5332839978137148
48011,0.1488010982819108
62002,0.07708918390726538
55841,0.6018509420480699
42428,0.25553850945844553
43993,0.29209626597884203
49470,0.22220383760102472
35539,0.23691841260538926
5465,0.6874273149304769
32489,0.6037733892225933
30067,0.2155203213911015
24575,0.28152413478063043
9718,0.7265593675722084
56445,0.2601584772024566
31236,0.5615117789201585
54041,0.4412908925497709
8241,0.16289522824287112
57286,0.2976360007682933
18477,0.4363640451907788
1409,0.18433026845532396
43912,0.5129758129203095
5616,0.4853124665957444
27583,0.4824269479134033
64357,0.5645923131140836
19424,0.9997807070775311
12909,0.8578986567184677
1625,0.5110407863891872
60852,0.4516008890418666
9603,0.3717593353154205
56961,0.7210408191825669
11311,0.41614844526658007
61957,0.20824046272661242
27168,0.3988958490263864
61996,0.28876423159241354
15644,0.4802441648971267
62827,0.5025454462338106
57780,0.6404353130276095
33422,0.35602575799253733
47590,0.4237864675773581
42393,0.2139133038084179
577,0.3240875636433899
35155,0.7136903711169993
46679,0.42159245159844144
18396,0.39376347197768213
26390,0.4677018669651569
1039,0.5198995499348497
59488,0.3118194693064238
43072,0.18531348908995046
14175,0.3864444089796664
55165,0.40016017065263404
11016,0.19506213931409405
3752,0.5105702520845424
38648,0.6978186845029268
44912,0.49086807139540434
15226,0.6877671625382171
3836,0.5283599152874424
29841,0.4933461764244597
49496,0.4733942876975884
10570,0.3195175818018199
2095,0.3700338383639157
47865,0.15968662564206998
5680,0.22381555583436302
37863,0.20377223835861627
23718,0.3686995939860384
34979,0.1255633689115062
57647,0.45470006817029757
19009,0.5937565281441748
54140,0.5818189656110645
37859,0.11628007777395738
36240,0.46495182148714437
11183,0.19843115189223834
47598,0.680456618349543
40544,0.2927473256896387
15583,0.69314542154217
27957,0.5002296895359549
8534,0.28756668594889656
63742,0.6299653067508652
48723,0.3431401444068387
29042,0.6164879183215377
26241,0.533491740397034
17101,0.27278059762460155
38221,0.27400577185738106
27385,0.4957227392449222
33937,0.169526013221665
22443,0.4083941957194397
57981,0.4095703300122405
31638,0.3947100291436898
9245,0.3823872230623521
25809,0.6761374053384955
54170,0.999808344832865
27017,0.5806739117952617
12058,0.7233836330375779
58120,0.20155881198301595
15810,0.7322941843349023
974,0.16405277621912537
30234,0.607307533422149
11333,0.3268896477043308
25799,0.39000835189393446
53956,0.5553382384197801
21080,0.618337494013237
8213,0.6832726864425883
41368,0.39899941442701353
56216,0.2555412134627281
17203,0.34522752665015133
62782,0.6126371264744735
5392,0.6932907705804153
14943,0.9998526054016305
44931,0.2587084883062128
26912,0.2800070639967989
53138,0.45137501164892824
31,0.2659828262221857
57746,0.44490717997539736
41856,0.6540913365997935
27210,0.3713512834994205
50549,0.807300744092687
36670,0.26001478327923433
56661,0.3933888402433505
22778,0.5168750235034337
55093,0.8485241770826335
33874,0.31583207675927866
25315,0.3056890814184307
40573,0.9999298141236638
54855,0.5266698120420532
58799,0.20366918650535557
11921,0.6627274596390701
21676,0.5609409829015227
29184,0.23482388130928794
35300,0.28952721391647995
45770,0.3304062764416459
9216,0.3987130666177221
54646,0.34907884907397924
35050,0.5006450918352081
41429,0.9998322090433003
29150,0.5906409168040782
5661,0.29065925789818037
18913,0.9998133847374071
43235,0.44082425730354047
26191,0.5246026844747247
51465,0.08407395652580707
9287,0.5391176567171815
39085,0.20059809035461107
16407,0.5720838246923252
35964,0.39309908141670485
54248,0.5540075691567891
20239,0.20424505345976438
12608,0.3092003566197048
9204,0.2920269540245314
17491,0.5892612118109015
52501,0.5582092600889982
6771,0.27542066897109607
6168,0.2117802758093436
57087,0.35939393653155927
8120,0.607507059665993
1510,0.09735227842947401
13972,0.39111616628366674
12732,0.5728509366227573
58409,0.4448870776346717
35963,0.43304066337648306
49484,0.19271246232469763
39913,0.558003995609792
43339,0.6587333449230843
51510,0.251946744304587
35218,0.4026835785188686
57390,0.18428948871072384
43179,0.6259813065429031
56293,0.4796373463269139
34287,0.4296573736667767
36680,0.4980776878857333
16455,0.5133841207501083
19754,0.540814764502923
57380,0.26628282455599
7299,0.46638842136580033
12622,0.22344033731721147
303,0.27769042039317926
5632,0.16490988749266094
8811,0.5772276161383294
37713,0.6943359840763883
13234,0.557969628309479
10425,0.6389135764113723
43342,0.7090904054678155
27338,0.26265102735522433
39889,0.16268002333666523
54763,0.5232048980563516
9735,0.6319519553806896
18272,0.5053611820917353
57182,0.36741452403926045
58161,0.24974169254130746
40994,0.3386703303906981
3627,0.42776335805997123
32840,0.14632062697712975
56963,0.2485560395747662
24914,0.35374327738717143
23643,0.4687753252270082
64231,0.4886176996441688
52313,0.5537452485141268
5010,0.4590087605406105
52450,0.24440240685836906
47078,0.332420192814011
9833,0.2525152005728966
12623,0.46018055048775364
32482,0.3849034377775842
46761,0.7040404067022458
31685,0.5454017036250527
7389,0.5684597837913148
57337,0.32943660252451185
26975,0.5338618569096113
11654,0.28468562468174285
15678,0.6230016179883829
1607,0.3449882593109237
7161,0.44531694738122285
54596,0.4658480746672544
1534,0.16215735609197326
54594,0.40697329713463276
48802,0.15828503055797852
33481,0.5061934788648688
33262,0.14575380645826921
35161,0.7089447332595101
1759,0.25653642756019895
35348,0.4905478237328198
50816,0.6643860722427213
55350,0.46942564515595364
19149,0.2893767186248092
57475,0.14317477769438117
40567,0.25538404059006076
19236,0.2278811196190202
55913,0.9993921007638776
34899,0.39109375656668005
13461,0.5658036236867127
20782,0.6635953071219068
40356,0.521532777477037
34572,0.7275221496010553
48026,0.47227868809106927
52406,0.2512591140629209
53439,0.6627050324208869
17116,0.6439304677318075
14056,0.27949315486757975
25205,0.5313722331049531
32629,0.39374453835359363
6625,0.21053096134337587
1895,0.5179596883729826
35635,0.3582444262803657
28734,0.6873648157417259
17045,0.4558786070735055
42984,0.6408404374953448
21746,0.6364043059313875
3742,0.42558502402637916
21678,0.3077619167943688
2404,0.29618965290987587
11929,0.6794994906234595
58135,0.14018042065706898
16677,0.19960148518151802
52791,0.6435147709084474
8756,0.1542248452499837
45687,0.43386322852824477
64543,0.23906941696518255
18656,0.7615703093121491
44254,0.26169101237658426
11324,0.8333319582927987
54150,0.6883122540383521
45475,0.32266493686664904
14544,0.3858133618953674
46879,0.7074631891559414
28388,0.3452716780381365
36617,0.13447278713405952
42059,0.9999473412531515
61417,0.5328624290657219
49544,0.32452331658945544
8587,0.46267654511109474
17647,0.49634323614091874
14960,0.6044829296361295
60862,0.2805040148112308
27418,0.3958230225228955
37870,0.4346545904262768
43022,0.37070120459582456
21075,0.2725585021215534
44327,0.39988048851387054
27429,0.3374045315988553
44025,0.401697341134464
35064,0.6195887523729439
26913,0.5496840735056988
22204,0.08872699844305895
9472,0.3672355487614284
58423,0.5348893953007957
32412,0.38743376129968626
37732,0.416537097500768
59782,0.5425765253061764
41682,0.6734182256526838
8363,0.40044998469251714
22702,0.41120031428403997
18314,0.4581159868262934
32188,0.3783242398026979
56771,0.3728549458869333
5988,0.2053032492900144
30028,0.4023926210477646
13290,0.43937969807125693
9097,0.4633185108209531
49887,0.7273475343666043
28593,0.15845530236084468
2409,0.22392997194245515
19495,0.3895793189508207
60703,0.5269355533557818
1684,0.4240804649520918
44443,0.3750228992214257
55381,0.3491560328957469
47774,0.5658523258041487
32465,0.5586815643016564
58726,0.44238663026475133
58280,0.34706627687959263
51181,0.546165973342015
56617,0.1914000292703318
24897,0.25647117642279427
37416,0.7477421747080985
46734,0.33368945178125653
8195,0.38793106065429794
25625,0.28044609196913634
8265,0.31268726509815264
35213,0.216029176070972
56346,0.32294324639186345
36981,0.3439045892464504
56450,0.6349065960929373
8099,0.3398155149568982
28763,0.39614499165739253
37888,0.38129287426895764
63205,0.4383126127859583
34761,0.23194090770000456
1496,0.777631577113408
36834,0.2887537929698481
49602,0.4081006723398296
25263,0.0950974997084604
19165,0.5689938362718892
6715,0.5136068582101195
5508,0.2566247484098259
54045,0.6436639556517078
33426,0.4880133297940463
12628,0.35601828909729333
30873,0.8076738092623699
10409,0.9999391515197648
14725,0.46976175566955664
8139,0.736654314949367
43604,0.5915387879890472
46166,0.4656610830882573
64743,0.28006272777595964
2630,0.6556121817430409
8286,0.42201661080246416
42547,0.5769680160688013
45397,0.340100631378543
36503,0.394616813150111
5193,0.2885987440979882
20003,0.6469706304570166
29820,0.2559794969822304
47101,0.5172630498996124
11609,0.9999188198754284
8874,0.3261576724952978
22849,0.44307381847430055
32808,0.12738073671814354
57728,0.39030237597338013
29801,0.520404739506697
61648,0.7207328004436909
45509,0.28318897750708505
47756,0.14185972639317415
26588,0.35817054954076993
3877,0.22133592331147964
40585,0.15927107306153268
49340,0.31975191033478284
3988,0.4342191499067576
57701,0.6640563612709807
19980,0.5964128133678632
45121,0.4407089587586214
32428,0.5154257355751867
57160,0.309639777132774
27011,0.839321237897414
38078,0.14822858441628267
1638,0.2443830208752089
16207,0.9999473926248251
58018,0.38429725069941006
17516,0.32390038654235176
5979,0.566005711618736
26425,0.2936676588830492
61851,0.21777099856535234
1357,0.6106179704228387
62979,0.31944696622592017
13125,0.22357359565312693
61792,0.23582644678027273
28963,0.4448202639435866
50731,0.20056882665836745
47393,0.3655330043990498
55076,0.4789322512277659
10914,0.4331468047471656
18218,0.4032202593149652
51006,0.6121996647821368
7720,0.1284162317293186
20997,0.4305568318777046
39404,0.204732724489544
15844,0.1714973381136491
47252,0.3938144244257207
13433,0.5699950164838579
14493,0.35632709675940455
21466,0.6137681746869788
32542,0.3065342768236954
48977,0.5010471323166619
39468,0.6032605501332426
18709,0.1515590015701112
47392,0.480489197243238
25816,0.41183659000399503
13093,0.6413497013778072
1515,0.7369026577537434
35643,0.39511561988806204
52855,0.12817859681786406
21180,0.24635943536061772
39065,0.3389529258884984
26926,0.24401695855843847
24276,0.4410374804866771
24731,0.768685039097612
37026,0.7252737271304718
20931,0.6234507225753031
20840,0.316324911421743
26436,0.4926726330343262
54398,0.3550599250931311
21502,0.44931681510928917
59200,0.21811484599769612
48174,0.6227741525235847
39801,0.6682569395744808
43206,0.2662904202632546
40692,0.07411246626913118
6226,0.41485785667068653
19817,0.4911324136089858
41364,0.5129615770908621
41246,0.9998151357103765
51382,0.12296300637432947
39207,0.9998439288809209
37070,0.46718090399771633
57956,0.7645326022156664
29462,0.1731565946357588
17429,0.6047716772550238
36458,0.672299502701212
58582,0.7203888637080792
11371,0.743371968833346
3985,0.3600117808155726
7666,0.3083258454130284
29750,0.30099995270799895
24646,0.1948029721844226
3302,0.4766447919578485
62781,0.24777900663395616
15081,0.3491238241949034
28284,0.3323815152308731
58411,0.31249356114221605
22527,0.38106878018641815
18095,0.5149493836288067
18619,0.464470429502514
21003,0.4069388259886422
26085,0.23389972752764682
41699,0.7458052913604599
37337,0.6263161514734952
61837,0.1555815955909719
11384,0.3687032767872339
41736,0.3145248563522508
32948,0.6886906435575306
34843,0.5266236212018686
31108,0.04378544221882862
64301,0.15139993778369126
45890,0.4938114958014025
32325,0.5356761155774207
17177,0.7744652285488707
12326,0.28486778764164955
42436,0.6166932645722754
50971,0.2312718444882465
17712,0.571237250139297
48399,0.9108681554118071
14168,0.48697828120281483
30940,0.6332566652836102
45249,0.3725317334107592
11347,0.4775012405256978
16371,0.5374618905178866
64060,0.5726730594238889
30201,0.1522652161946702
3648,0.28497255592590454
24990,0.2146119963274538
53585,0.26952527975011564
52120,0.7043844716603254
15116,0.4636481271192357
5652,0.3337972972853407
28053,0.5346349595653302
33612,0.5818582661256156
5498,0.2039266321040091
4069,0.2881773669266216
63049,0.48715265229215676
7405,0.35585781211271394
60081,0.5669196046082655
13295,0.3680742117094945
43958,0.23098782730751305
434,0.3162156411797337
6743,0.3862678316555262
24977,0.5221747342345721
43432,0.3546880019929527
1947,0.7246095530466456
19826,0.4740687480925424
9172,0.29880956259009056
59293,0.26208347147100364
11132,0.48546526953633046
49594,0.08062063689736505
24281,0.2595876496456571
54399,0.8204029765712127
22035,0.5611732397551983
37256,0.3764239428290479
6883,0.11501778594968888
8436,0.13434013567955838
40497,0.4062209807692624
13537,0.26562269521951887
26585,0.3745330931801679
48282,0.6151347706235709
60675,0.40784689097425975
39004,0.36370071431185513
64141,0.5489875056879935
26180,0.43212884592912437
48502,0.5608675822282838
41988,0.4937745591275847
41461,0.3944460190855441
58658,0.5657127925088623
31096,0.39068535867104703
19558,0.3301798547308643
32985,0.32997056388858204
60856,0.6389252235391458
6961,0.4551100677320005
9859,0.2894549238990559
40377,0.3727391014685371
19056,0.3772831278282096
27106,0.6092339622133499
52679,0.7383766297692808
17742,0.7266924044469596
62610,0.20638705559377507
32877,0.4778403084010279
48535,0.6464249785942124
56938,0.27589676797578105
10293,0.43568176218022314
41367,0.6573564074868559
5322,0.7522731470870352
22629,0.6747076594684811
2353,0.3282455624383405
32734,0.569884416708318
19614,0.20570137299334498
45095,0.5622018902688959
60767,0.7611889368222164
61453,0.3680826717631665
48985,0.9998274645222461
42560,0.39603025898863015
39669,0.2061104421902793
45566,0.29439854352714534
50510,0.2696922883792436
33329,0.713770975753999
8419,0.25215902460873635
11035,0.3534873578716434
33144,0.6130961433017067
47422,0.5354870669018232
30924,0.13165685416973494
96,0.3345330592828145
27981,0.49071052773869617
10079,0.15533626642909323
27528,0.6107133447883432
3795,0.2897034863359213
53102,0.3969789711762558
31049,0.2987718457250099
24223,0.5204381213635575
13588,0.5643842628200096
17291,0.48680352803385996
23133,0.6106904559014582
33403,0.4923131583047259
5626,0.5834185422472179
42858,0.39121500069253523
16930,0.6110607328208054
19777,0.26048461969679426
50113,0.3871668780749852
52917,0.9999216599540136
32317,0.12275730870428071
58145,0.3296721117454228
16564,0.7976451344944298
54982,0.44589476833650177
61801,0.48667462272640827
2405,0.23169617555263575
41168,0.2992845314168282
17281,0.5437956582909924
57921,0.2830112867891033
44361,0.6068857983525535
17345,0.2942650706432142
38092,0.5348658334345696
2263,0.2104424382560431
7012,0.3021700096453585
61384,0.24353751356142903
40621,0.40379179578641994
6262,0.388906407298326
43983,0.20529404943524526
18075,0.48258522535560416
48608,0.5696846544651984
20280,0.4338932175813749
61252,0.27353650206782126
45081,0.36246186707480194
28217,0.7668748993968649
332,0.2462482652047649
59845,0.5884549087211101
17070,0.5262777769259602
51844,0.34626973900528624
6559,0.4307097237617934
43327,0.24282225119220338
3857,0.2844051851111832
7547,0.6169027567037055
61593,0.351373235217743
22943,0.4384388188724913
4020,0.13303906652908604
27082,0.3817213016251686
24928,0.35537063984203743
3775,0.5467269524986309
45002,0.6089392554625754
55765,0.6167126896220393
58265,0.43625334226359036
24729,0.30505627567860233
31441,0.45870449181929224
47698,0.45013351823561326
57245,0.33381382178112046
23227,0.29051466946834065
21512,0.10722563815696046
10410,0.18456068986810686
63869,0.28989281006358697
46423,0.6506475132364168
42385,0.9997745981453862
25648,0.6729514347609084
19930,0.11444889176414481
17279,0.3738420062732046
10825,0.5219550947016973
43246,0.24147176226988157
51398,0.14357186931339708
46669,0.772521933600073
8055,0.2235135045225225
16353,0.6736457449266001
53261,0.7218279221117051
57077,0.49968904628642125
9465,0.1348702475189201
61183,0.5497385945179281
53773,0.22945919253979358
44902,0.45530202896781463
28062,0.45507561709434813
51820,0.343216809711016
64928,0.35508556821702303
5638,0.8008125433092069
61471,0.807376808764364
998,0.40975281834976984
64362,0.6361845571028111
11840,0.7634282344694903
64117,0.3003343055923814
22646,0.6382911707585819
43088,0.4176250996907708
36093,0.4810103076948739
6753,0.6255514862155721
19670,0.3404791199408184
18988,0.15202738126028903
25181,0.31079532990966785
14462,0.5346921609340602
13309,0.6112357355854044
53516,0.7295989318644777
14594,0.40822096756879944
6398,0.4488238311265494
58300,0.43220597189697235
32067,0.31043388149990564
14436,0.6671532500400725
33950,0.5381955993562814
30906,0.3371788408033496
43805,0.6546232817150917
13931,0.2582360847348527
31688,0.23132130395455985
1562,0.2510607178499154
8774,0.5543734238381197
8720,0.29664999730914726
54814,0.7672832681958804
36543,0.40208799161566033
62813,0.5074991907654477
20670,0.4855180112879399
7402,0.3134049273709138
35871,0.37183029076324964
3313,0.6027806128370502
26016,0.3569529098534325
24292,0.3112590978982592
30432,0.48675782813139834
58942,0.7431656168801769
17673,0.7749612748054023
57246,0.10559851982919553
30227,0.1812736751112571
36859,0.5450443208460045
55183,0.3277269811814694
5970,0.5624403550201164
9288,0.4702218927201832
4704,0.48645024821139315
24082,0.7283702857281178
11566,0.7305829347202639
15518,0.7312008826775905
18606,0.3832243061001407
58918,0.6333259145727008
21838,0.4540659460586486
54179,0.2626728029388498
48826,0.32273366092231703
11816,0.718671532701545
59044,0.24494098889596883
34142,0.4145023750269695
24060,0.3645313778642984
49734,0.232834795115792
46081,0.4630673765705076
60010,0.34382975870438803
249,0.25172476583452963
23085,0.5101853701415853
2063,0.3764706468425835
54130,0.36210911017178565
26721,0.8319136026142427
46289,0.45537136560292707
35423,0.5282697906344265
13155,0.5491909399149313
1883,0.2898866435523744
58157,0.5513743820801358
44871,0.4219468207522346
57530,0.5050794325545845
33415,0.3549500220017007
15642,0.7414522953146003
29095,0.37522331992390523
37599,0.6332209624407427
11488,0.7170971087516772
44992,0.24749737947214212
61296,0.22645022261466197
29168,0.659175198377427
51185,0.33896661185098165
35572,0.32794018420494314
57784,0.6021470018598014
52244,0.4895726278674501
56970,0.41956079453367817
59224,0.6343655200902598
19595,0.6975136686733338
33261,0.46496145039879566
14446,0.49560314787837706
11451,0.24054484921148891
11366,0.10500246030823025
14627,0.619442122684077
62916,0.06380839280872756
5575,0.5037168997662214
43910,0.2183667200852713
2815,0.3930740631638582
48534,0.503692120170192
26298,0.6101313757566007
48935,0.4628261591056849
6601,0.7970050077308286
20365,0.1953565372582946
62122,0.5954056787706461
49359,0.04767578124820515
5441,0.5253517940827744
47701,0.3982419256409238
7554,0.4121190238011326
61704,0.5032650593531106
50775,0.7698301762611356
37572,0.702368418359427
18023,0.1534099157074897
31077,0.18210827931314377
63252,0.2234501330899113
23992,0.44857453967942734
53036,0.31020876603567876
40939,0.5910051310111433
23010,0.22984891440369642
37525,0.4248548455336941
55604,0.18437583462225052
15830,0.5128827489594557
49539,0.5932359538138939
60185,0.6362933824026361
10094,0.7353238959219528
57554,0.7386996989766209
2886,0.23439783182974172
17927,0.21090904980866418
50426,0.7668059697376637
26380,0.5971592558119436
38236,0.3631544460199742
40342,0.6289497445441832
50197,0.2780920587612931
18449,0.18680229719461144
5817,0.5911017237399174
18909,0.34353962594242154
64954,0.29774736448246414
47930,0.43485956427047895
30095,0.6176907937828043
50907,0.39249586837221545
46704,0.46817673233470636
58514,0.2007157766892715
42940,0.45475419734400446
6996,0.5368118396437355
30241,0.621087487449382
20428,0.32171773294672784
2951,0.27634746065252846
16802,0.28351367554727513
41270,0.4366468684481627
54746,0.3020110303108364
55861,0.15208372978091736
14173,0.6837930432610165
2278,0.35058032346125834
59068,0.5164114829114539
31461,0.16032180015337633
9303,0.5775883927846314
20152,0.30318392993776183
33121,0.4050764360761372
40581,0.37152021710065974
41847,0.24836898473961544
48330,0.40582096940860596
47605,0.4705703383201626
58651,0.6054642923966437
57516,0.28084487586381934
46205,0.7112459613742979
6999,0.3309084399938906
19989,0.32460768386156175
10418,0.30263262836323185
5520,0.13587538041418462
16723,0.3616275859725482
30546,0.8219647598848252
36715,0.5750770628606013
26074,0.28265178769013116
12184,0.35939298048114543
59554,0.6081776327251648
11827,0.33280737544232597
56068,0.9998032897117055
24254,0.46038532631794893
19968,0.529764556014754
15307,0.8111182096908529
49173,0.3757598628531178
38457,0.25629676849550315
31194,0.6021650863202723
25449,0.7233352950364633
51627,0.5369125007240051
58782,0.642642380316258
63052,0.28573253756842715
64746,0.17213715589816206
53962,0.3484636328557727
17825,0.6379574893044379
7472,0.5009003470771071
34964,0.2918892411674088
37342,0.41719622765554276
24614,0.46930698261500503
24537,0.24662539411545825
13806,0.3533514051375594
56383,0.5151253143237207
40590,0.3579516679649506
50019,0.24011929333090892
15044,0.4173721610806885
43634,0.11300384170223755
47602,0.5626421128625317
19583,0.4343669975838218
6342,0.30309811090614436
53406,0.7384111758241413
45754,0.3036206078966763
45183,0.4529266908491092
63858,0.6695430597083561
41131,0.3547825469914474
48599,0.6571152184583178
25851,0.6572396395317374
33689,0.6860839557384086
1499,0.6078772224073563
3325,0.6158061312708087
52407,0.23484191564136284
34039,0.3950708799456248
29248,0.7158453688256133
51474,0.6242375991406467
25091,0.12986849241706477
47611,0.6094139938476378
4082,0.6121480245650712
21629,0.3350608596031533
4875,0.33818551575036854
12040,0.7063818840820091
23476,0.5608046519411071
38617,0.16870669192762344
41226,0.27841700910127726
23664,0.5320109221335894
4385,0.5352437765469013
44782,0.45887005846681495
29535,0.16020627284417246
32546,0.6146137480073526
62274,0.5343298186325082
51539,0.2780908977765942
54753,0.3688159409213626
44167,0.4109448890356421
33171,0.7188686677406718
41396,0.311252760818132
41764,0.9999380511844366
8267,0.22253238127042096
19120,0.37697525206694354
39973,0.3809211057175096
50015,0.22854793854438335
41959,0.16991145955363868
12631,0.4124765710557598
41833,0.6209522546718392
6829,0.25896592658513323
62706,0.1224932045062451
31141,0.9997754604212474
34346,0.2429515243351078
20080,0.4222420183624356
34814,0.6136623053335941
32120,0.441000567301965
3767,0.29795074985942716
8454,0.2516055045636649
55303,0.5992129911884768
4990,0.7164849990174134
47748,0.31257020554155845
4776,0.3516695432056978
44542,0.3321392008953098
44031,0.6308422823010229
39075,0.3554980185784023
7499,0.39595017452618253
61317,0.17692450294147902
52339,0.42369778820313414
20401,0.23747411206973626
24002,0.5699225383077637
47577,0.18290990237467072
22118,0.31079388845111244
58443,0.3505839649479572
53801,0.45412754281563794
35768,0.2577366230335083
10875,0.22459676813922805
14637,0.49787325306336
62176,0.359340710583064
9227,0.31929038091083334
44345,0.3146704396115386
49099,0.48519610309955713
22388,0.9999460178076607
49354,0.47661577089873425
46534,0.5036935645445678
27402,0.23255953568146917
29138,0.24118615716280792
42377,0.5819413565478423
43427,0.3548113066228208
44736,0.7193795473309685
60993,0.9999588972238662
63355,0.12578045685766456
41595,0.2804761991087077
27576,0.43364945644276315
56847,0.7722349925793144
20745,0.3540912129859391
59976,0.6934015009052772
54312,0.9998583857425534
9210,0.22900758477642627
30653,0.1719950282682983
16275,0.5754191645809841
33795,0.13595009421974363
58721,0.684108016279678
34799,0.6317441536376245
29201,0.7859153246744573
31848,0.06377348392677537
24801,0.4687800142482555
61511,0.6865441459746716
447,0.5828792871946159
53639,0.5596461408130678
9998,0.45845278659907
33599,0.3768751902272832
10457,0.40055473488666304
14988,0.368243048715085
7237,0.5304464733960873
12680,0.6030331111134484
31406,0.4358006892248796
53750,0.3301012346669879
30669,0.31118803408206097
47544,0.41658081077635883
55955,0.3593655056162915
62265,0.40648837534182414
16820,0.6424200297359579
46565,0.5283332860918009
19433,0.20223810823753285
51343,0.5361845989218604
1182,0.6638383806626843
57006,0.5906758339236162
2901,0.40204450858088714
54723,0.43681198163294876
35841,0.4012936979955353
59629,0.20311933186968864
42456,0.24963260641039767
17329,0.3061384440693775
23802,0.7352567292858905
54128,0.2233627466908629
40971,0.6768839368863128
50795,0.4184139491401401
29112,0.6862285403362932
32102,0.23350150951587753
16644,0.37355119122194375
32873,0.7062416015159155
22797,0.3523671230161746
58548,0.48665657129581774
47456,0.6831878120965189
11038,0.38417325049909057
3451,0.4113168259096633
47970,0.44547696537185694
113,0.2815176224380531
53348,0.5059017435904877
3377,0.4771114704811791
14569,0.38839625335901323
55360,0.6099666543716779
46132,0.3636932042962046
33591,0.5183126733179614
30965,0.468496518523397
25146,0.35878254349342914
28664,0.3626141871679843
47685,0.4323101701492274
45096,0.6719064232931663
42005,0.4050720468006076
20216,0.5858773006322663
10116,0.18953452036330412
10081,0.5889495516811891
61742,0.40504304970877225
36863,0.27720406496863553
53557,0.4285269616188093
23675,0.534187887637841
31128,0.5791808527581044
33264,0.6244329550432536
24339,0.5631752486870908
25237,0.43626561372913586
7578,0.5096229670650321
24218,0.46855592355909564
4894,0.5460353358077757
3420,0.26802798876187883
24368,0.4271751392128928
20068,0.41197300010704235
21470,0.2254654372592754
20464,0.33737912050711183
11877,0.6450576622617793
33894,0.3804012956091205
44234,0.25208960451658874
4508,0.45240999124222137
40888,0.1522790857550873
60652,0.44790869045770726
34036,0.2577192440204692
6696,0.6908510979201785
46235,0.3067339667174465
48832,0.1668900749418048
25093,0.5651182741084517
41874,0.8501126343834008
39141,0.9999150425465642
50643,0.37986555788448545
32361,0.6107522428162221
48500,0.7832772511106699
3583,0.40005499722657417
55766,0.2090574697204576
14589,0.7484809486278728
4757,0.32291868970412047
28243,0.33365334909737177
7999,0.7107255527950701
61649,0.18564972489088347
6880,0.1913388230750253
25231,0.39209626784935875
5168,0.6071995409876005
487,0.2893299371421866
28645,0.48071297301248295
21780,0.7607920862083708
27748,0.351002006999637
54542,0.40472866811867075
57867,0.4960709912150084
2779,0.28882335003924775
33847,0.7043372441250565
35410,0.4930947972809537
39570,0.2799333795521095
41757,0.17507316826816868
5794,0.38876286623327294
31090,0.5240508003107714
16877,0.6066004009486177
56472,0.5324889923269455
4725,0.1378480182302972
5329,0.2827365402603562
37143,0.4463080415330886
33629,0.43430583860599525
37869,0.2079540671856343
4692,0.3671699780379324
42742,0.20122107334796166
13782,0.7550966625180491
57476,0.27031138476075656
39938,0.11393817677513195
44671,0.4128173370568388
15190,0.22385245656967764
57670,0.5387771652762655
29830,0.5707581320237293
38877,0.43933860079256737
3952,0.5031363914074839
46486,0.3792507082594903
56538,0.5926496189487107
64983,0.3394667659259339
52357,0.27103277883386284
39861,0.23055301498735806
24195,0.2601181587862755
15727,0.43368948023030435
55061,0.3674998533666876
31212,0.5175570902688904
46560,0.7186876427173029
27784,0.36459721056991157
127,0.5818577989043556
23242,0.6844449427309317
59272,0.4792778763796004
53089,0.4132536497825096
58897,0.38071559944706457
61772,0.30012281281025016
44927,0.15491292383925867
9199,0.34051174275549184
1372,0.2317041118055829
59092,0.35467787475163737
30808,0.2263909490812764
25044,0.26689126548827713
46604,0.6870188057787211
36520,0.22201214696104712
6297,0.1429828221651807
38997,0.5231436305496115
40037,0.20382722829427916
13969,0.5084966605228725
31906,0.49799295740077915
10294,0.42502333200958553
60145,0.47696371958455636
29761,0.3346392776132211
31757,0.3347734740971592
15306,0.5393008816473095
14025,0.999880826132228
11133,0.19137052968378798
42416,0.7439148787704789
7978,0.4751427278704815
53521,0.5259821220443319
47485,0.6095407033709476
6345,0.3684691379618522
33394,0.3631773056761999
42826,0.17071840722140316
58994,0.3921716445060745
23870,0.4292633823350247
1665,0.2658510888813162
5440,0.5233613849223494
36838,0.3020333403497638
13913,0.1411956466979284
46282,0.4314567968736524
46473,0.23042110951778116
26861,0.276700826759955
44958,0.31591371068636787
23159,0.6032858300972646
48362,0.2810090543307071
6153,0.3573476268512718
18602,0.5571238085683106
20860,0.3511862362923727
18585,0.3505890185197551
27434,0.24738310082101972
52600,0.854230783999975
651,0.3476872865554907
1265,0.4899704504894714
55552,0.3742284149350891
61457,0.5912354602595616
60008,0.1611828569137038
34057,0.2984320742781311
40782,0.25847129203748165
24885,0.5405314287392138
38578,0.17511786526465034
1133,0.502510948940767
45560,0.4299812000870195
50206,0.8077108518514816
61293,0.21791519543660315
49679,0.3515406018537179
41388,0.1810449181143019
24826,0.5502038282976551
46188,0.7021968164356829
54094,0.2638878113968489
36109,0.34251437539186996
48668,0.6218427258332997
33438,0.45726909448107483
10762,0.33453440222852293
34442,0.6122536245053853
11844,0.5412482552975156
18367,0.3802122244543467
7876,0.5187684121345794
62511,0.35772107745008774
23653,0.42039400960999435
28787,0.4485002359430688
59975,0.31048172324882234
592,0.44662611888018067
3940,0.14675081944662072
40889,0.4959476212432382
1189,0.20382433365189281
54945,0.6900079653420456
37668,0.5633745872519397
48634,0.6754499280474662
41485,0.4553530029573778
40946,0.5082350427404294
15457,0.3809198864753516
51415,0.2814247970477695
55110,0.3255955119974593
15667,0.40265584080156297
19769,0.19360353958271437
23677,0.27301054612121045
29332,0.5854065618626447
12112,0.4194657286309966
52478,0.4172288115278326
37230,0.17533641134360625
9559,0.33877103972725425
2802,0.5761192522245536
45296,0.23600514692830002
9757,0.41168264390466
11467,0.751392528723136
60701,0.6498970844039466
5506,0.40823559820329164
29945,0.3459421599409278
63955,0.11423439901822917
50555,0.41297604452254016
35878,0.07560281501492143
27513,0.3563627375897581
16042,0.20260889927595638
60032,0.4091716338095272
63492,0.37833274569710146
42686,0.41290941361091743
17055,0.7156137525768121
35834,0.537200530369382
52536,0.3196562852139748
46324,0.27401767640897207
23676,0.5491067654741538
31473,0.2243643892352448
61913,0.4436891720266841
2844,0.5251043970703994
62611,0.39768332980440874
25232,0.3968030811197869
55929,0.5635090056443723
51905,0.42807471004674397
49845,0.41123747379225867
50098,0.21457241306479316
23096,0.6423269230354622
29094,0.577178990041118
53632,0.3575962062138333
62860,0.501915391027317
5231,0.7688252948866245
40160,0.8280466041157761
26798,0.23345238659875125
7678,0.34089640965120277
47587,0.5326802275774873
33150,0.46597910387927177
59243,0.6248343893591431
56889,0.375385321360791
34598,0.22741582527055237
4055,0.7148515311715515
54048,0.3606567243628405
23205,0.1328171903016237
6452,0.5011828610210307
30353,0.661000596697829
17314,0.11586768210148793
12223,0.3042898957791153
43536,0.5766590986518874
44576,0.5491547091566253
15595,0.1870071931517342
1942,0.38366001977036573
60431,0.37180298053996524
3449,0.4233123849230143
26621,0.4179945821787191
34462,0.3612634525083876
14561,0.6324306498835466
47902,0.3523117869523117
58331,0.2717298896443244
41074,0.4479359788055692
3212,0.7416952558440113
35139,0.7760131653767998
9529,0.2729364807264818
50974,0.378119340050465
12573,0.3800088065250974
42644,0.6008477997505671
4217,0.3429466897591534
34215,0.5504428386000696
48838,0.31420176340481254
48972,0.4118073917264892
54868,0.5344459746079983
44506,0.999909695778959
16924,0.49327873378423387
19802,0.21916749382543302
57007,0.23019487827791366
6869,0.2911379630361693
11741,0.3906323386359819
18524,0.7282968664309188
27213,0.7194728321704746
15268,0.30518792711197024
54415,0.3757474977338994
50470,0.6649576049532738
31243,0.5603004482000906
24046,0.5664967750792009
18329,0.4168880160517344
18859,0.34677470150370127
56780,0.5004707359652728
35281,0.1375817853466876
37311,0.4024139316101098
56669,0.6140676351144122
23405,0.45957363513287225
19931,0.2848375445761023
12259,0.5215797666351676
60645,0.39993309329534116
29219,0.8142904912009102
8529,0.6235988338611791
29520,0.43789557604942414
13398,0.9998668602583095
57117,0.06415997766273662
36876,0.2774056257833201
13382,0.7049673406315294
50667,0.6222281575959346
26493,0.5054070153277109
48666,0.7683552557991619
43766,0.3215647022205129
40189,0.37287766273314815
16956,0.4396110175108821
57518,0.5557418447660827
64557,0.6125600991846449
28983,0.43048475942906295
39186,0.9999144348446771
13156,0.4225475731036141
21313,0.5437811747714538
29871,0.7531560928823339
28704,0.06296279914130624
50764,0.3516945308748392
63557,0.3052270912732322
36147,0.12169123067778415
22341,0.7285195007419594
48662,0.49178187663149187
47802,0.2909025557365732
43152,0.3122110025269336
29765,0.6464364444908951
53093,0.5177544309839357
39020,0.47057051260443605
40906,0.37622933876614145
28891,0.4068900592781573
12343,0.7773545558477091
35124,0.46770287722696813
19405,0.3757882226398363
60589,0.3957834031321545
12890,0.14776908634482475
57618,0.4788161116071763
40970,0.31572134867186263
55831,0.3524420927075868
46504,0.2539456061115789
52859,0.2277217711039847
18368,0.10031095151969355
23728,0.2913332275810373
18292,0.6936602444438754
58998,0.4737967352047758
32461,0.37899282167186765
26475,0.4143721234677022
61502,0.2635498295982534
13863,0.3758221263419983
6029,0.20563542621656283
5248,0.48358383923023557
49159,0.5771750188241733
5944,0.2910173219106894
26381,0.6992282864091184
29786,0.23332776346792597
60331,0.4770966173627476
62656,0.2943530241657728
52550,0.9996805824689232
32333,0.6082086122636412
57887,0.2805631668967589
46962,0.3235730963567088
27232,0.25011148604496986
12538,0.39480697034136464
41977,0.944627052081974
33827,0.4758536147877292
8788,0.31021583751120485
55951,0.1812611471155045
16966,0.3869356098407357
60793,0.6336808855292766
36258,0.4773443652336474
13543,0.15006454338556816
9881,0.4959785755792992
13702,0.7597054635158591
3356,0.4119498704483315
58339,0.2066588511942887
63836,0.47846107264907156
47391,0.32171569772358954
43856,0.8275598805097271
23630,0.3192618189924564
17492,0.4354605112673842
992,0.24805459745379474
62385,0.09230842651327759
6626,0.3605573029826961
13814,0.28234503985422593
42144,0.4540355852169145
52664,0.5436896125274402
2831,0.6451696350333533
27902,0.4866426852229935
16362,0.4906473983151669
57358,0.5458253552749927
11714,0.6305579544720593
61041,0.401814738334666
16375,0.5022714106949357
31833,0.7743914344201331
11259,0.24507860994682196
4889,0.2597995599647566
14093,0.4856242260322486
22073,0.36284840798323753
17666,0.7217815935484349
39276,0.4087929528134349
41531,0.3101929325430575
12677,0.16788936029486323
44872,0.4059950907757499
45948,0.29625241560238547
54102,0.26589574506924424
34540,0.8662601740486152
19250,0.46405398933723335
24329,0.4851411273473062
3476,0.5767244815072434
40855,0.5580395187565871
34305,0.6799878489624317
18044,0.18610295484435618
41958,0.2815792358778988
52559,0.8088925833929779
49048,0.2563585784868561
45967,0.21300607978173292
63962,0.16965187356033234
311,0.42611799769098685
49150,0.467299207771596
31524,0.12039438594192957
46638,0.3734938184378602
25286,0.5176875241737262
49991,0.28406033511631734
576,0.30375788730601766
56668,0.3445748891155824
7836,0.4494833227594481
23287,0.36716906716017295
23153,0.4329209147887448
55337,0.21271423918083934
21268,0.556952056034248
25097,0.7644973879162472
46442,0.999762525498738
21593,0.204727222054642
43814,0.1612934227191405
14967,0.5935638151598588
3554,0.3878771760194269
25161,0.3978529278942639
32768,0.28380813067224664
45060,0.3022422839458761
27632,0.5251644226951612
917,0.36098639571162394
58972,0.9997748531881925
60647,0.7240121705465455
29000,0.5336880547235434
1014,0.5743939974876637
60806,0.3630318694578905
4305,0.0009265446895959724
35990,0.36791628744736377
52442,0.4099758083029928
58510,0.24536308383687433
55330,0.4699830270972293
18523,0.6520907642153086
6069,0.5243333561305602
21397,0.44357949292993504
41283,0.38367647697078106
39322,0.29847158412534486
25518,0.6346463989458266
61651,0.5712879027561909
25360,0.1382228327558196
758,0.7411313969309039
62547,0.7308673854125072
41272,0.4575953404233202
9967,0.4663553221422905
56355,0.45044149202374695
23002,0.8061849641447648
37305,0.4977470991324162
5993,0.1252280767123938
47208,0.1184964619605618
2536,0.395641361991063
60894,0.328184799266585
53601,0.4297628945350767
37561,0.5774347582274739
11962,0.22950591814342913
48222,0.23451581505538152
15079,0.8370882412190219
16653,0.46413544739389656
34983,0.25816986199522013
58387,0.16994142434669976
5259,0.14620295939415995
7212,0.6093432331116183
50569,0.45310390203599643
29928,0.23825673238609824
46664,0.6096059752796974
54870,0.38100003682049327
52130,0.5616678372354533
36732,0.17427973849254685
61015,0.6375913889191777
46957,0.0574123804254968
63508,0.7583521631545211
63715,0.5572261319941582
58006,0.42298536485745547
44707,0.22119539972908292
55470,0.6962625849994347
3771,0.7219501126643789
5363,0.3520794724109686
5744,0.44140881905211166
39342,0.205019496959262
7278,0.2889372293899941
58659,0.3373820663400039
42700,0.3894630993345118
50004,0.42948038072504663
36572,0.7153036297405899
12692,0.5599090721945903
61719,0.23540338847614445
40502,0.5780336027354842
64883,0.4747492426526442
17041,0.5826576182265208
53224,0.4159913183682538
24985,0.21192547276785503
37698,0.6951568581289529
27693,0.08801548901350435
49641,0.38283607500409594
17585,0.47989192208309717
22151,0.2906391024082787
9684,0.30452642030450716
26591,0.9999138830313132
23101,0.3176915341514849
34973,0.313357468841336
19359,0.670644190200628
9105,0.2310484743645552
10162,0.7345636797633366
40542,0.5684216110081484
14440,0.6747437244615159
46172,0.431282737652976
61123,0.33127467646403147
18796,0.2428935550269685
6697,0.33492856078046906
61246,0.2062646770851438
24182,0.5725979881247962
6664,0.3132832910354452
44054,0.5552689098292877
40661,0.7097442163242581
2424,0.33934469144347673
46973,0.36531683586938574
11036,0.5624531526038925
39314,0.35596187393631173
61711,0.8604369214985272
43242,0.4799899256985104
6103,0.4036311998263065
36508,0.7077254691802137
56542,0.2958870772607377
39084,0.2698508308861996
14942,0.5103006982344637
63717,0.27691644469131477
4658,0.2861192089123621
57044,0.5484720385335878
12755,0.9998422668773952
17108,0.5055293219406218
51286,0.5241074238737778
53971,0.5543470792216488
62037,0.14765885266174755
56464,0.35346950040609854
37285,0.2944747851684543
41797,0.3194155675578834
7364,0.2844565317560536
14710,0.4095725762205297
34760,0.4913987398419214
15745,0.09803842121506891
28838,0.2535980013735707
53313,0.42278242243735575
23589,0.3019526762725552
6832,0.7756780995096807
5812,0.3112915943882317
23218,0.21287168305905269
17996,0.29828611460366017
819,0.6135411313858273
56894,0.17938406177162194
2706,0.7602246053489985
40044,0.3024672594251895
47903,0.6656377746765206
845,0.5049203306040825
48323,0.6583430784417932
55555,0.08988706649307497
42424,0.6244835217397048
53765,0.4953054565678187
43721,0.5743465750173976
56585,0.31702622035715666
8552,0.2059644747429301
23719,0.07148258420398729
23403,0.5355856634992052
57984,0.750027645507664
47491,0.6148030133119224
29025,0.4907544554455023
59498,0.8087407393503839
53023,0.35900520555080145
14605,0.39749768228056653
33240,0.32349662718350314
35897,0.4304212989344998
7684,0.2782822592936618
50443,0.4962994642728488
62106,0.542314306165386
33168,0.7052606653890099
34778,0.2658329561703731
23376,0.32430928271148785
51956,0.28245198991278087
36277,0.46496155106945863
1230,0.6527151259638043
6592,0.5981529501821891
11312,0.32077640380620515
22810,0.5884372868469671
25140,0.7067066109331671
61815,0.2496928459510566
54703,0.686872072833984
58686,0.3439885082919753
2671,0.37873720658889665
54762,0.4812385834147241
63786,0.54347588234723
58696,0.36540174897899896
3245,0.5480263290940061
32847,0.7372368397241053
54866,0.2045492644161591
13037,0.41203872939184755
233,0.2294515150001373
53488,0.9998212419947851
51255,0.5627421111153952
6623,0.09027971048860761
49517,0.1729754155287911
6284,0.4010097966434566
14059,0.40682304464089847
20528,0.35085823553211765
12384,0.22375375202196338
19374,0.38232268331510055
56335,0.430220775961371
51624,0.8617589941951861
32533,0.41317464107544694
7019,0.6958027187145374
16895,0.2623334346126899
33440,0.4692638566415153
58829,0.31372783061300313
21330,0.44607038153847056
48215,0.6064856723873727
59303,0.12218033552655506
58246,0.3509587054664776
10176,0.18567714307561617
52252,0.11163807719554664
36727,0.7371191459776708
49446,0.9996143696048486
62915,0.3412340319724179
25437,0.4639456573758767
18010,0.09808807746753212
61074,0.41084724102454223
55083,0.308443974025866
24929,0.5451927243468033
22251,0.32017235272009015
58745,0.23908197933491437
609,0.24975050789407965
25108,0.23677572946102687
24735,0.6007281553269439
29448,0.3143932382111266
18661,0.430776285798342
35555,0.5415110559275803
6863,0.3973853393155265
52454,0.5559304058644126
28070,0.8584914579274061
40595,0.6224338732680644
13877,0.23020363575566066
17152,0.4639093161780389
19908,0.5675299025642268
27165,0.16745733514271885
40199,0.999759405159703
686,0.4973383910684227
39490,0.34049650222752353
41330,0.2805225322535123
27197,0.5947376171897379
15110,0.6945683987126101
47185,0.24237784396385803
19135,0.20318472609136867
28073,0.9999510858204013
20758,0.6515486677808936
32220,0.19087235837812153
2890,0.5161953323189141
44173,0.2791697438129107
1035,0.3605204371971941
8943,0.43980694195776304
19468,0.7145268633063291
10972,0.3869450483421831
3753,0.25909514429803154
32677,0.3861008156143007
3215,0.2670677881920248
14148,0.4328472754284307
8816,0.19923465325216397
25262,0.3391249691967233
56773,0.39953579947360895
48762,0.36533196596322376
16258,0.25351310068119226
46059,0.31053772426387716
63323,0.46448133228430294
26314,0.8066844276936307
48970,0.47062605122474943
45925,0.27137365742836983
42679,0.32046334266571996
1368,0.31078424206575533
14979,0.39203061933081457
7229,0.22053303141067576
48248,0.5201412947206778
7203,0.48381410747165415
64853,0.2288114044802165
27495,0.5080360577853915
63503,0.14353945961901307
14566,0.22621186053392303
29914,0.1849911313553427
32594,0.3369717627230311
37204,0.17666163602046847
36641,0.3197952460441935
33429,0.40694527452549134
19138,0.4653220437663292
37924,0.1597323129303665
2502,0.24346947220353296
31516,0.30254349246875384
31171,0.5624388176532227
1378,0.5376906513590822
34103,0.42292092985449975
59149,0.3108531307109041
53444,0.37913071734042675
17327,0.28822511073969653
57836,0.10558842129541224
15999,0.6564885736514134
43285,0.31087115401903503
39899,0.5665559191807266
47267,0.5832256471458918
5720,0.47798669796736426
4319,0.47482638919976755
48984,0.5445088451283954
25522,0.2703921825442805
36131,0.6494146534884055
25153,0.18422006743037947
28017,0.363424889715857
440,0.29325336846107813
63238,0.5662607951046927
7785,0.6584645871334955
45271,0.7324651839476958
63165,0.45052984712109
61666,0.21142152667620576
39493,0.4920485073637545
24019,0.31471907551746753
25743,0.5246620881022523
455,0.3034933115765889
950,0.6794475176591658
63973,0.11778552827625645
35392,0.2765912298368081
52715,0.2480761083679919
15947,0.6336614536042856
24126,0.1212704534280427
47471,0.9998972488700631
8545,0.4645958148360673
30266,0.4818787300461232
55901,0.30017798647696253
40276,0.16356253205092772
36558,0.4851648062779994
11442,0.0474925961090581
50301,0.47139999482109035
14233,0.5020269151561185
33472,0.31201517905052295
32059,0.493450201936165
61912,0.33444668641023617
1294,0.40997159654892307
51622,0.2532129351109316
36557,0.41706773829471133
5830,0.4159519369773205
3012,0.6797309957801566
2838,0.6445635093250764
27952,0.5952311972979288
32568,0.5436693881313627
36259,0.5147473005583523
61624,0.24314721718791724
64982,0.16384725268406825
33338,0.47904090465713456
46968,0.4126357092272646
43907,0.603044876362763
4093,0.25073256845327563
38417,0.5400223423252382
914,0.3482485083892968
18593,0.7606167369737779
14137,0.3616393441880614
42251,0.30150532311492195
48753,0.2174740626359544
23131,0.38947401566710527
7708,0.7829236449527532
17479,0.35763895706508403
21200,0.24032935648570297
10309,0.333625598782526
31714,0.4053368159879143
5673,0.13072437027312325
17936,0.46791914415784336
26852,0.6395290844317688
21716,0.6491715912118247
58002,0.6673488633989242
56879,0.48072254329105935
33890,0.6550107204334391
41773,0.36815468096589604
9742,0.5810749783691539
52757,0.5800054170040947
56987,0.0811660375513256
34023,0.601164755785791
64226,0.6055516345969606
41213,0.33617895864286756
17135,0.46619259200810753
25568,0.29413252881424845
54189,0.25753794623639986
64852,0.04702850477420628
2773,0.6419399399854827
12636,0.47812819603820006
23649,0.2857427410305442
1696,0.2990170346799492
8844,0.30196400621654557
39412,0.4930597289103809
12279,0.3042062283566861
18893,0.43684549384116583
36388,0.5611332456028127
37288,0.43923053595518147
46659,0.5788446655737874
40300,0.4911668027734202
36763,0.31488232879744205
28675,0.9999323113164644
63268,0.1696724800160948
1662,0.4647391467115028
42815,0.5760312656472266
20141,0.34902663180634436
9639,0.9998633908036851
26573,0.674356062689651
28520,0.5906379989199301
14410,0.17681224468233714
39635,0.13228156528533982
58358,0.3785380002396286
8624,0.23571393895534978
18361,0.2798382423629726
43443,0.12550513359887683
57898,0.4063061793517122
13452,0.6629658567591883
42085,0.7967973940587874
32738,0.7477048295017461
64478,0.33857479061357354
63558,0.24663629731538447
62533,0.3364545915910359
37073,0.143355868773509
1353,0.26055215196792364
56439,0.6986064717581
39890,0.1779864607676687
43311,0.4254242551586445
59017,0.9999913368902699
44184,0.45493524529120977
41216,0.17841061261760302
33844,0.08113814065737739
2079,0.30875360799786655
17600,0.5931993427488571
4166,0.33005574888739025
43345,0.7490693975233529
19916,0.3783743395364017
20097,0.6561255805030259
29229,0.5850294955353561
61131,0.3697999998761984
64452,0.46556353872609807
30209,0.29294547697524814
10299,0.27581347199689865
24995,0.26600643296712984
1148,0.3923248180265276
17541,0.7063253642281717
59165,0.23894360305948537
6834,0.41754669437102054
59317,0.21496382583547916
1297,0.17520044788298922
1793,0.24312568347196725
14666,0.757933644535215
55096,0.15775406490408553
977,0.5316548337116013
18864,0.2642477434584211
34115,0.42056162016950377
58486,0.48505882882276047
15073,0.365565184550627
11626,0.4491698002363406
6438,0.5769985297787403
41151,0.3241396352492147
24088,0.35384373277239567
39802,0.5266887785943053
26590,0.5727881672305198
47008,0.9998614614062666
8132,0.3005921486287994
38651,0.9997928259117767
55742,0.999732639869111
28774,0.18370170827907148
42252,0.5964636101132564
21015,0.3515973195089127
5534,0.4499902154569284
27216,0.2536205947072249
33838,0.1372105275265594
10135,0.31359894463129484
8543,0.7827878256337587
55790,0.39857258543303636
24678,0.6985685973236326
64582,0.34765287296747105
10213,0.5005186386414031
22588,0.6001510483469782
11257,0.46287350236037483
3837,0.9996976950543813
49523,0.39144803754241436
42446,0.44237292986123344
12486,0.2944260561922825
14860,0.45912439354128104
45833,0.6271198285044047
42151,0.33265138740026134
3633,0.7535804208765146
11472,0.5067996516428804
43833,0.29137549178865285
37445,0.6151107500402432
43808,0.4110306229272903
60632,0.2598025053017925
5836,0.4652761001180148
61919,0.5677764011835604
5415,0.6455677224247324
7120,0.4569943235848742
8457,0.24066118105342926
136,0.2620663677257581
31375,0.9997166119212738
19593,0.4570725588714911
10386,0.4895633068248161
62413,0.8600597118777759
18122,0.3652925517925897
51059,0.1313063981436062
8622,0.5390780786750972
11392,0.29203704841218153
51689,0.9997853961359154
58609,0.36001664309843406
3984,0.6618907624137101
27779,0.6192020753654555
400,0.4310406005424382
29087,0.46990543581084826
19513,0.7243512114203856
35465,0.1574281853165384
48821,0.32315918880439354
34743,0.42941156747089704
25420,0.4669987002831996
60036,0.6082463278593937
4415,0.42782596542150253
44063,0.2247457443147187
35934,0.0896780576848549
26025,0.7426649867329116
10388,0.5611200580274152
34373,0.6594786455673505
1325,0.4408675021249414
32011,0.632152596720481
1051,0.30294263855882675
59579,0.4141166988650311
22338,0.27340431306988267
31999,0.3578082092192789
47945,0.3439310150165378
41463,0.7513871921323507
35827,0.9998850289485497
20755,0.3452247755810881
20166,0.39542090781830447
27819,0.5996172080360508
38390,0.6939523291249853
11780,0.9996695253073137
14982,0.496359069077399
45295,0.9999176297245992
29691,0.1989118038043412
15913,0.39015476143667704
46950,0.36430422032911713
30521,0.530480108282143
56560,0.32269910205802527
30423,0.24253007231322624
33886,0.24222376951632454
362,0.3095202133812402
338,0.2324287287708135
21525,0.3219577523610546
3437,0.29428178193665155
38588,0.404862664243053
2042,0.46545123535666194
47657,0.9997706946550076
33386,0.5867802640616822
43522,0.3295806276761057
21467,0.5819511564216778
59741,0.4820972170766723
39751,0.5401973638962728
41943,0.4267679721994711
26509,0.34675856651211373
58975,0.9998664953020487
1276,0.43144542545918346
53300,0.999795633546105
50567,0.5220278330878754
64648,0.08200032618869427
59368,0.4748990830938749
35615,0.3884538500691064
13103,0.12048486907771461
52457,0.34024101987884237
45926,0.23181952822088825
383,0.3120255078972207
4154,0.553613318726809
30704,0.4964743688059257
12298,0.42459966811503125
39949,0.5976323036553212
14552,0.5882700828631935
40185,0.7845418439561744
32895,0.23546190530763872
6935,0.24819960018062634
6616,0.5333497826043567
37840,0.32711884328837393
49762,0.3379783580571802
52510,0.5517817451743977
17736,0.2790043034947802
42378,0.5314071918811236
37398,0.3443804898771319
13363,0.25720529809785897
32123,0.6845848591906343
6202,0.18258770014368975
25376,0.23230870581821078
23991,0.6402123963284239
8131,0.15242826656774922
13150,0.4188687065017449
10898,0.5388119776316971
58010,0.18172878547274218
60100,0.5152898697700052
13881,0.9999288285861718
53739,0.4015042851965913
20828,0.43767111667799263
46042,0.5416650720295832
56508,0.7239763022125886
11473,0.24867573708390003
40511,0.05203075767564753
1075,0.6001016701867322
1118,0.3237284540878234
21626,0.3661223294612875
53702,0.5389442442718018
64816,0.2516557078227594
16107,0.6463556017666582
6604,0.23059847223338686
1935,0.31080014258151256
40570,0.1814398001725235
27079,0.1431907051857549
25022,0.4142568051960154
2500,0.54902643129313
21036,0.08994818120501304
35165,0.785729972187587
5379,0.17814892885042272
7525,0.7900204384884999
20217,0.27604126225532544
7031,0.37415347248460634
7060,0.4750911050348791
64719,0.3713131544450395
15788,0.19090503448891963
6665,0.3952741574466788
47414,0.4044079235024008
13993,0.38351044913811105
22674,0.6698435753985503
3921,0.2821431139307501
25495,0.9996119607543161
2705,0.45119633786536306
27982,0.5647005013279557
32532,0.47218383685176696
21134,0.5967177093248874
44459,0.4548050341694928
8806,0.46304797450523527
275,0.5939225824130928
55167,0.7510908938463083
7888,0.6200025020784056
24624,0.33530012122582503
26616,0.26682112190272295
51375,0.3500258452462251
28378,0.27346565441497134
47107,0.6371700761880541
7572,0.1125917401658001
55635,0.21914958790124048
18202,0.15234480285351246
29491,0.45171965509048195
6237,0.1372756171014978
58623,0.5331260605759663
19210,0.37392823787062607
6366,0.2861709508421938
17584,0.5999694366554695
7458,0.3558641004220165
30199,0.12560510577935546
48655,0.3656669629648897
35672,0.6789082401285281
49621,0.46659827262285664
14738,0.5527521079481972
18019,0.24091793374665912
20155,0.6243759301745957
37374,0.5538436497819359
63953,0.5647876402773011
9866,0.6036814138063664
46117,0.4311793857873942
2450,0.3936598940792946
20393,0.6257684231096706
46370,0.9995826132335366
30942,0.914175833420411
32053,0.4893267073493321
53835,0.4587887071208398
63716,0.30546213242095344
3175,0.45652633245791746
20835,0.3855884470852816
61111,0.5631445612619164
1402,0.3072756345847331
11726,0.4744074226533128
33569,0.4674941631603429
25729,0.27376924223229376
56758,0.20466922285636702
33744,0.5996747275070741
54357,0.20879729638425917
3436,0.3900280698096799
23157,0.3447953980151629
22431,0.09467867269904391
48327,0.6652453228207001
45912,0.3990433784766746
48019,0.47089124806350496
35617,0.5145111325587212
46768,0.3214140933585363
5916,0.6260666221076402
42404,0.4660147619692606
12965,0.7502393181565243
32058,0.599465524377746
60615,0.9370840315339745
7165,0.3065979354090735
64040,0.6358773832706244
23532,0.4348296183943911
15537,0.3260746878762263
48814,0.3894007066591323
25006,0.6854136189725645
25692,0.6319145935775013
6444,0.32431046541170166
31564,0.46990368468010335
11232,0.7469894738021672
58317,0.43939275112074083
18671,0.3383377456097127
64846,0.18791136768305133
2043,0.4127461426443336
15619,0.5385773715623036
1258,0.7168844966954223
19189,0.1099068373690817
24005,0.6162313653500423
61100,0.2530219271761334
49058,0.4090994771882498
18355,0.5199683664216449
52483,0.7373977831227383
41199,0.3991960722967692
15688,0.6805651126838067
26140,0.6749640807882041
53479,0.38022590379104176
9271,0.3557501007228621
14127,0.36051829051437223
63578,0.7146492539963492
20175,0.3453523238929285
25113,0.6420049752400929
7070,0.27650346031939843
45661,0.5762649172105294
63501,0.21295055884192243
22599,0.35153912873100657
35541,0.63290503087907
3206,0.6164805875533096
46160,0.38821406069289605
918,0.355322662670735
22902,0.3488172397733321
30167,0.3697833559100723
49752,0.5004222003567671
4402,0.7577999086630749
63502,0.304366784058823
41285,0.30449582875879183
43777,0.11410486768833583
12539,0.22343742971445613
12967,0.4116319688499808
64157,0.5323628716263403
38480,0.3611995172882979
9861,0.5101934478516513
5986,0.5518585021396013
37590,0.6469168408369593
9776,0.5310527573508045
6728,0.7333522782742877
32336,0.4543873244158668
64651,0.24545891403308231
1231,0.18498069076573662
54838,0.7038354104131677
36469,0.44947244547100174
18935,0.03614746648937153
21641,0.22591798219088083
50099,0.28112615441270994
22386,0.37854898375196505
28632,0.5204485067346393
20489,0.9998389174424911
60088,0.3257518512690789
22175,0.3445704290673203
35316,0.7604179202473463
63208,0.424875067683879
58848,0.2777707000890821
14280,0.20378922431398963
14941,0.45843495846016014
18121,0.36611589628392605
29920,0.512664734769742
46130,0.39986619493798337
64166,0.3234457211343267
26271,0.6341973755257144
17430,0.38580779538253174
8850,0.2335461074712705
47029,0.4060612335084451
52893,0.5605793171680578
19416,0.49731194571882226
30732,0.41727282375072255
35972,0.6971776733660442
10398,0.3219398094899127
56394,0.39159205976081174
3519,0.4044879462309299
5041,0.21349773285902926
37605,0.3002607501470866
24367,0.18852742486185037
49447,0.14887680844864495
62123,0.46120461603159363
36066,0.48053617418516065
30015,0.48233963910469835
16471,0.4172940610973604
64502,0.6615825358862426
29224,0.459037356826721
49534,0.18781515286526826
25669,0.20462792502799024
2468,0.9993229941982822
36798,0.3537180735394377
210,0.3750181683513836
184,0.46293220097047577
64841,0.2452975170938796
29239,0.5178538423921826
40663,0.4822866434535832
29994,0.5372577626128163
17515,0.5118301109447889
4251,0.23627082148358333
31804,0.6273826285727422
53919,0.4898190058065818
42513,0.2374155229881613
25808,0.6024248578817162
52308,0.6569677069002564
6591,0.2912837339875131
56788,0.4813067249245872
29652,0.5557957089780357
29483,0.6531930964752024
6467,0.258928978466911
39368,0.5722280609341747
43021,0.234940777007832
41679,0.6533268562219332
53139,0.40086926667321493
52267,0.677952467749596
38401,0.2999611746894787
56734,0.24836467897610698
33548,0.5333161972508756
41254,0.43549416778257444
27814,0.3771762455877361
427,0.27237550847315994
3082,0.41136243367342445
7944,0.6213692383356779
12995,0.552663183320062
51717,0.7609041575998211
14537,0.18373745909597886
31599,0.5043618882857148
26444,0.38822653163516396
45050,0.6308707133684454
31954,0.19266541194544237
24584,0.2289588561160828
10871,0.6392594244370274
36681,0.4897417065958498
56616,0.29646434920526243
21240,0.5223192823594611
3701,0.4019233948682404
5127,0.4753802396672104
39057,0.7761309181178565
461,0.5092681282834619
25256,0.4237046981827113
47012,0.4260635084324433
8365,0.18657302998065195
15503,0.5852295045517576
2233,0.2850248974916571
49867,0.6874366712819344
28852,0.45962632426848826
29594,0.38250538398314254
46977,0.37958358686888255
38122,0.5321716771127745
23171,0.7303256961820929
23993,0.2223153899962698
35286,0.4277076412111423
17582,0.3903278751853034
52725,0.29497896429980575
13949,0.3801067454568072
51224,0.4248105510155681
49019,0.8141722615285214
41638,0.1618482831742588
28724,0.32900565786528435
58231,0.26994504406851305
24601,0.5614454121982599
61612,0.16902445315272752
16618,0.5285800496128926
33809,0.38162073860963625
14580,0.21333959430378377
41953,0.39652993206442605
38729,0.43407333041115365
35863,0.4726938141924733
361,0.39315216724504837
46179,0.528475963111368
9622,0.31516594278939425
48711,0.6547030356028702
3156,0.3592539728471426
41006,0.47027271084705324
20779,0.6708024798028228
63452,0.38593857267613335
170,0.46727072773269374
191,0.3089225732453973
24215,0.7633428970522993
30756,0.2959903850678208
56981,0.5510233450254088
1323,0.31323375345943705
2912,0.5880065067086017
15486,0.5682622809018667
46413,0.359651605921074
60518,0.5743387638312737
37886,0.12116939292002099
28631,0.6376897556118719
12344,0.5227216275962833
55105,0.3775407255560474
56667,0.4249366660319313
9414,0.698600310295756
31719,0.7045068489042268
16970,0.5697638961596078
31819,0.3632660620155779
15794,0.28667938810385657
4292,0.565784830433458
13054,0.43344479154958826
55971,0.2986460779578792
19956,0.2516218370153566
26874,0.46809636018510115
46757,0.6535610420336654
61393,0.5894747183024418
46701,0.41047134937285706
17775,0.483260264261901
41297,0.31177913616130454
36335,0.2845315234109542
15908,0.6738208320198329
23771,0.45411304902613386
56795,0.5992240261013294
35765,0.9998374225319082
27225,0.5486337664251726
28477,0.5713068400099024
12996,0.23099970522934196
57730,0.3204648981540149
4455,0.28022812750779513
55680,0.3110022996912202
27015,0.3487095059014606
29716,0.508507242473241
46437,0.2274444032584611
60020,0.5082223598983678
23998,0.5732586057665214
50395,0.5668720608488615
1710,0.49078841785985966
26479,0.5977792428469094
37216,0.285289626584062
12082,0.21869114988026875
6739,0.16732874841049106
44639,0.7298331308037219
34588,0.8403337893130745
46236,0.4183857139074166
44480,0.4758473531668421
22211,0.7838740552402594
64241,0.16479696574286412
29774,0.5078119409344306
33701,0.5417156390908611
5249,0.2629555790287217
45899,0.15680486937798874
45122,0.5561338770959239
40896,0.49102198341665776
53136,0.6388431741818468
22053,0.6015918526018202
12262,0.6343518724728486
52101,0.7884515980024414
3387,0.3253926577438909
14678,0.38047857671233803
22401,0.22383465362119215
40180,0.41158348200624684
28259,0.47037144284538784
14887,0.683504633278748
29120,0.46634258888688207
42615,0.2555128855737896
31932,0.6077572872328191
51489,0.33832581363434144
3117,0.25212905796069285
44421,0.3012775429202141
143,0.2678963718774057
41208,0.4422569996538998
55780,0.7224990650797634
16657,0.19223647264961066
3593,0.4132906834005579
49406,0.3588559163897897
28307,0.3488975120067105
44883,0.7377625693951959
14761,0.40897974532480874
37117,0.044929306772284086
61640,0.26990120498839787
18073,0.6349232320337337
55864,0.318714382414466
61280,0.18504253496247913
10137,0.532107042524249
14007,0.19029687153538444
24238,0.4857889119387277
50223,0.5037156008197743
40592,0.7325113987368019
45084,0.5546317314375024
44580,0.9997553700901154
4588,0.0009732348581740765
51528,0.491904030206762
31092,0.4227360972730319
26021,0.4187003225061834
12017,0.45122896096329296
51018,0.6772948230322619
25132,0.7778097569857482
16249,0.34018297755354754
53186,0.4128326751987054
28923,0.48015351023098607
50384,0.7298618444153727
18793,0.12798549017490032
32767,0.22952525815781608
1076,0.374836645187429
59621,0.6897263242886845
41345,0.40724664603534194
33009,0.33598100012924614
26555,0.5577624275880342
17037,0.17989312347226935
25021,0.5209947047757214
29259,0.2766373491503616
28871,0.5066148811825437
13104,0.16211598625823467
63209,0.8239819878196553
1371,0.3807765833233212
25322,0.36341622516184985
34461,0.3725158920392776
59897,0.4751530305107467
18448,0.4204252731167716
3381,0.548286230750482
47826,0.1438303421526543
42123,0.2313989597474262
40206,0.840735728411541
13202,0.5977709410965337
18058,0.38082052686526185
46414,0.6079305285967748
35133,0.46166029161747935
8383,0.3505878086925127
37064,0.29173987206235025
37834,0.14995955125570337
10611,0.355175307467149
13478,0.27398022683688744
24313,0.48860199337061583
3379,0.527287507047288
37812,0.23876121325675256
47497,0.30201759997329125
11119,0.35629458205842424
2089,0.5263503964524541
14213,0.6242390044385616
33816,0.09031265129238394
25041,0.23093531694623515
55420,0.2987973086838081
51279,0.7508130505687081
23201,0.406514537154632
4500,0.19706900220330056
37909,0.33837682343693204
40974,0.34495238691993724
17100,0.25870841643604686
61359,0.510107644613204
49684,0.6467862973545392
20552,0.17072353241119706
22235,0.6064876228571934
27523,0.3183642710678313
22657,0.5457798012500402
34563,0.37891158479853126
26038,0.27809060503897304
53000,0.26275008819903395
34015,0.6702821637713783
63031,0.6108892898440251
2072,0.40818477463609554
56813,0.3644603131135831
29992,0.2757352970153248
16141,0.5117844220909822
172,0.20491240571595334
22200,0.18774004430556063
44512,0.3029114491349528
14180,0.6364656014756981
13629,0.4173741788042863
1875,0.6859566253733167
58530,0.28162048908411597
28130,0.4693183145999963
13802,0.7373439629500944
37838,0.5405278427506451
51459,0.3240226186619489
34503,0.12490827793502164
47976,0.23799331337472465
21703,0.2661332474939294
14091,0.29515274147752923
16849,0.1929735496496291
44990,0.5428520635046709
6424,0.4911520584359018
57332,0.3090454736216944
9565,0.5200117043896064
64314,0.34290256531321056
49655,0.45459456406222953
62394,0.3749877367078188
50576,0.40766518207907537
23988,0.7405914440952188
5122,0.28367191763810634
52756,0.5159502635129971
43584,0.5377106732270234
27977,0.11459387979036771
52558,0.23159136877342815
52809,0.5339666499581741
20187,0.35311225153097375
3764,0.6822487734158013
51640,0.5822979763800951
53416,0.6460249944380719
6276,0.4751793857576555
433,0.4968916335479123
40219,0.9999367593856255
28030,0.4472066712936639
8381,0.35125431503375076
47312,0.2686612256171785
51260,0.29297169398520034
6476,0.1532917623515409
15137,0.3297100463444849
17402,0.23286297327072322
57020,0.37632557434622577
29978,0.46893235436587016
49607,0.6784256336174581
24466,0.39417132581425574
14455,0.47562219891305685
62141,0.12248817415059753
5806,0.15142770032042543
52499,0.3021784452554567
30879,0.28214276123700655
10730,0.31934293541894165
58524,0.34619979466783596
30887,0.4348212112986283
54453,0.7200862380643654
12503,0.23339467947270004
47906,0.5376475309103538
60909,0.8310754642760998
12072,0.5744244244756113
30966,0.16479035111498275
29088,0.5837074971139482
50978,0.6189656353085627
40035,0.4402309338962547
16488,0.29563468187466496
10756,0.35150824719496215
51395,0.5702260417994806
23050,0.5206357359600742
56256,0.47208423101019076
6563,0.33311478546127404
26273,0.4505116177140323
5197,0.4718384300678241
11600,0.634418543145605
28066,0.6231722367444267
39262,0.9999619685099118
11319,0.5023204391103627
24040,0.34012479913995775
51674,0.3215758731469218
45545,0.18670504781652694
64374,0.45671271287704673
48418,0.4582393018102304
54960,0.2876812239066383
52901,0.1383302657969005
53330,0.4059355668770415
43249,0.20778842134000106
27104,0.725707788286533
23147,0.48817164999053336
44296,0.9996810808062211
36106,0.9998930986109487
19020,0.43788802463269066
43163,0.7530222416923671
53615,0.42603474378476175
45980,0.4102559018876081
31054,0.7320643455185902
60435,0.2989461033962966
6766,0.46366919801029755
48903,0.503600801936542
12806,0.6546108717117672
8809,0.09505762605761842
6305,0.1043343563933768
48882,0.39254869239997153
24025,0.22938743468986386
26651,0.5556655626479272
28275,0.27293046713432795
33716,0.21686248073305134
32956,0.07930476039575894
19784,0.3754892347715183
31853,0.1610890422729238
51845,0.3308146278268977
54236,0.2506216996275004
53149,0.2954467690707881
35778,0.46649744734957727
19164,0.3201336320686158
36327,0.563497966279882
29546,0.5108459488423422
775,0.7039786262292606
53039,0.2567275691638383
5204,0.34235850768401627
25379,0.5773034044562525
23795,0.577517089806948
39407,0.3351734223942747
59210,0.5630682838369059
30632,0.19653916007916092
53490,0.37575816635916637
44069,0.40136788576132193
50873,0.7956511330055933
4523,0.33654998592137164
63104,0.42861293851589194
21696,0.5731372722760908
6807,0.24011031452542028
63577,0.4257655040634572
33930,0.26417075618512326
3426,0.3230618494463204
2169,0.18767771271848993
2861,0.3252553205714942
54203,0.46020077343193927
50786,0.6297096857833202
47188,0.3945194031138025
27518,0.5689145857156892
25704,0.7395525330782846
49208,0.4608340435863051
29763,0.247342886191781
13448,0.19808800099315094
64908,0.28226502887670507
9422,0.5503546426271334
35931,0.4619055075111273
20724,0.8006034902885342
14939,0.658518764121345
28932,0.6415283601703438
61304,0.3531879994382092
44626,0.638030740821387
28586,0.34552757927060485
19385,0.8098162643016298
8644,0.39502025040607575
24821,0.6926559661217037
27075,0.4805061814552962
22418,0.19839594153849716
13858,0.38560925354140946
30907,0.46494092245464536
35105,0.529514558405818
52651,0.45832109044668384
55762,0.5680698414128168
45761,0.1286095683993429
59403,0.390869341010324
40458,0.363182843963801
56186,0.25520820757899293
63800,0.39785173684916475
23603,0.12348620826217863
41898,0.5644378173038908
19679,0.5191204229326517
16552,0.1124717611684384
53870,0.5625467542472787
19578,0.24728351479691968
64457,0.16690934582495617
38557,0.4218564757672791
812,0.5665064859967611
45968,0.5198366824931068
48712,0.3183148568345194
42349,0.34115086569346886
47014,0.3846002004334391
30793,0.6702266796298563
18830,0.548727500697105
19176,0.4812504829161038
1024,0.25627675496784136
31911,0.5127471199567858
48834,0.3721098769484426
23588,0.4632454440000793
48759,0.29676977076913463
43908,0.47344411672873105
35564,0.2544192992327695
38749,0.34891431303945775
1905,0.48982699751576825
54450,0.4900991922448366
60075,0.1452306124231368
3323,0.1533793537557879
24081,0.5378261267934612
26331,0.3127753817048502
30106,0.18896499484754956
13429,0.36068696437289616
36139,0.41186942625122525
59375,0.3349548901030667
5650,0.1666516912015758
31568,0.4575576402191712
62213,0.45313367196686954
38463,0.4358921217285047
9296,0.4990302380455276
46880,0.2853170893452942
52899,0.7571666624191892
35442,0.17719511475017524
57560,0.4431684040878823
51630,0.2627696021675314
1921,0.5428166461297
36447,0.44473317517888955
38406,0.4268074102619959
54077,0.621412190773571
23569,0.4833627661261071
15405,0.6461036640936136
55817,0.1373270748860765
1030,0.31270574784585353
8228,0.25553528547204496
2707,0.48839493172180737
38446,0.6651900969433046
51848,0.21867075527116095
56479,0.6910860483906364
40755,0.6001510942442964
13393,0.9998864112232835
31918,0.3468970493851363
23439,0.6625359654677168
58234,0.5820325074420563
50457,0.7495173838521554
22082,0.5527455135362632
55606,0.4286465836178995
18599,0.5051976009721753
32713,0.237729958722756
62966,0.2592922506190147
21093,0.36096560400120564
8973,0.4498120124923282
5857,0.5884354243616184
18915,0.3814267049465274
4209,0.3959821814394339
25944,0.23163913660964053
33400,0.25091286958422765
38842,0.4526357738240837
2283,0.4046623752207313
54211,0.46913486438103646
21740,0.7562293391314152
17682,0.4361496614466939
37983,0.11457162205896698
9662,0.5712444571444142
51644,0.5594524048061998
24247,0.18327653363667953
28041,0.30304796041890686
34617,0.14279652863317194
23103,0.34713972621674993
63454,0.5635331780382876
916,0.5089402582517627
62895,0.4911353991902592
27209,0.5692701786280172
33058,0.6245669155066056
9624,0.31520786612815654
39907,0.5098715242370668
44517,0.44978930578473925
18302,0.6265631697428571
13637,0.23723487070598473
40967,0.7624930684178579
13520,0.5348720122773462
40678,0.3369608619610677
26723,0.2995974684565424
6014,0.32236929109633294
60814,0.3711550968376408
21968,0.5102401535655062
1421,0.11207776551031541
50181,0.5807313254291558
32082,0.168905381709847
63949,0.2889912144613942
30514,0.4055873806108403
64736,0.20268658038080248
49968,0.38362628919673364
11768,0.20217058773900412
7482,0.24688569797367574
64332,0.15204535269733022
10001,0.2628245075955838
45601,0.3749081654455766
30611,0.31068626489132223
17390,0.1657688985513829
61371,0.4140826235584221
21668,0.4152227096879505
22932,0.12328422376853407
11904,0.1771753468369132
38691,0.14477879447621853
47548,0.4674170806156168
24966,0.34256050596068255
45781,0.5991801567390133
29723,0.6045456221374635
42996,0.7581815250716594
38374,0.43344506795473126
55961,0.36618497322369636
36401,0.37575233712202355
60705,0.31392193306597005
37865,0.531551988147635
13207,0.6134498379084063
16558,0.4275951557693246
44748,0.5561513866777514
53501,0.397151506664054
22999,0.6303270761511746
38992,0.5600078716658545
49787,0.5489414553862435
35094,0.5040499255515559
35941,0.4958944643674101
49350,0.14863842598774
57942,0.5112825411684203
35888,0.24042151851323035
59728,0.41996344849234696
46559,0.41987694557375305
10650,0.468730011344726
30985,0.3548504129697505
26545,0.2896892125288494
39326,0.9998638445636989
11719,0.2654000000475754
49599,0.37783885583596005
15921,0.4453223536252819
57561,0.2861113187109086
15037,0.27015722646869783
8748,0.2896924686140051
23662,0.15568963088690269
51291,0.38596349211499686
44015,0.40215150611219946
49509,0.29438879066695756
55320,0.9985482577330692
9516,0.34828227407257045
49165,0.9993490534061564
40150,0.42775652032998185
8468,0.509351685869338
1367,0.41963291816925585
52218,0.3192993752480768
9854,0.5187838439156774
17463,0.33249180756851526
27368,0.5288180803133725
18345,0.8894803386870029
1997,0.4296247172161702
22748,0.5135045866854957
16707,0.7662167327984699
52839,0.6616110661065094
23826,0.15978885944204402
6018,0.3375045686145474
48592,0.2683948271725146
10132,0.3936280809612353
19609,0.3012648316578363
63015,0.17380825459585653
18542,0.9999135942267071
31332,0.3334146462503631
4722,0.41521362028849873
44882,0.3294347186455409
50126,0.9996943045089236
9485,0.45071562386922687
24411,0.4515518394986789
2366,0.5124744838171826
30841,0.34690847785726203
4554,0.3022337384747018
29493,0.16904077871405213
19147,0.512148329230807
1979,0.3670686902577364
58560,0.30801253697175723
42963,0.9997826787858967
2135,0.7784523616079242
33857,0.5747417029462394
53796,0.6381173714775855
63901,0.3152866383121365
40893,0.9997900903792136
27049,0.4951447375923014
24639,0.17037821140521398
10340,0.2983108957226264
20502,0.23809606401559524
62646,0.36899458052781897
32421,0.25449524329543716
59697,0.2573178771100326
44795,0.2957072198776838
58555,0.534388633968347
24824,0.5970354007648617
11602,0.2324366447369813
10325,0.2662230556298791
8888,0.46871112071212423
29692,0.6019451244707184
2933,0.6779481420221793
27152,0.6555704507434216
58237,0.47106030720824055
5642,0.19949946586104195
29624,0.21544644641523972
49518,0.222015001983502
25199,0.07105068686635545
6000,0.25807415825524543
13044,0.46099550896438946
24681,0.26781380352691925
53564,0.8230928324987411
19775,0.49873759800176065
56217,0.4148483356403983
4802,0.6793451183717139
6641,0.38232458924207047
57327,0.2896418148745381
47614,0.5148318136232821
24432,0.40100983421146225
20438,0.4506275972977171
58974,0.3259771688580756
37731,0.6203710063186108
21843,0.3346257968630225
44445,0.4381635788759379
41184,0.7205307143147479
35847,0.13167037673322568
61955,0.5020371615647164
62534,0.44834948411565295
36962,0.3122008330001955
57147,0.40489563840594384
42891,0.26839072452336676
11280,0.6923160775685826
48545,0.1510302806912172
1990,0.14672367585079346
11809,0.6056740771787656
31916,0.10086705653637137
48232,0.09630715324868783
50177,0.4039008173803643
20371,0.6928570594029274
46807,0.33343075439640857
21965,0.3624495164553979
26197,0.7008991644127264
56770,0.5733698708259118
7311,0.32827404190826254
21360,0.5614878925602886
20711,0.2536534392640375
6987,0.40811712447298276
35358,0.9996624631034993
41553,0.28616054615582526
60550,0.19512414270549328
60445,0.4923684840420179
1096,0.4919940905315305
30450,0.5568407725930938
21159,0.24118067910137264
61105,0.37544954320416535
16379,0.763981458664296
35557,0.465076644628296
23204,0.4241287936914531
44854,0.29132394142178475
6410,0.3681543669915497
12741,0.45540891733858474
31060,0.18946463325703478
19940,0.2240471853137189
19896,0.21957464083112857
35370,0.09772390921976193
26037,0.505737967020184
42760,0.5073565891203073
52370,0.2474223697321462
26700,0.40392256032279894
2870,0.3085370063594966
63862,0.17626390658121313
19822,0.4386170769112089
15229,0.690667247445413
5485,0.7633631220518194
51118,0.2626771452780333
10901,0.22284534765690525
47848,0.7203862012437753
2322,0.2688616120090039
47914,0.512020160978115
56176,0.10255307429539862
40996,0.4495041219154629
15728,0.6192128300204766
28943,0.3446860290123972
18318,0.3251567078437143
51765,0.6563769898473171
10803,0.447402594657337
27299,0.45313627642108434
55830,0.723908403594246
29757,0.5213597045737381
64201,0.2773523752828778
33496,0.22149654994134554
15624,0.6059211107087696
7128,0.37859867401888997
39179,0.3831044582426495
64987,0.3002114813673444
51101,0.19995859494894067
39579,0.21109240491318146
43450,0.2251837045073171
20796,0.7258970352005839
61035,0.5890551701949307
40184,0.5122152246744873
62010,0.4972549700156023
4042,0.1818889975700907
50354,0.4518155829425563
28427,0.51561221661706
40737,0.5219407947302387
13226,0.7132298109510314
48083,0.6346674080259268
11821,0.30635845120518274
25848,0.3874894467715175
63513,0.8181212894892878
43619,0.6488145460932431
27535,0.9997702807977297
57917,0.6993260622802522
28727,0.4867985516095129
23534,0.4653084813040543
61084,0.43613530837249076
63041,0.33508517059119397
8683,0.3988147642758345
11236,0.6955531584137138
62859,0.44446823909009686
22346,0.2043801945031501
53727,0.4637427673541313
2736,0.39805575119603726
38097,0.2667673630613922
43733,0.3959350304358515
28461,0.5429439209934599
13934,0.41086583243398245
63978,0.39355906477612423
37521,0.08290708978148305
27738,0.5213674455585399
10464,0.31590157340796304
25158,0.6444780960288579
60784,0.6680931233108938
16789,0.40413729433043427
3614,0.19672618009321316
242,0.5308524781214992
35525,0.21050153541194155
7536,0.35090486781773017
38740,0.5631299533555887
61940,0.22773696501174553
38371,0.6526013038442899
5888,0.41108641371539595
55760,0.30732663321410075
56210,0.3058228382635842
17025,0.4128402757091257
23270,0.4440546703553444
38235,0.545425056470765
57357,0.3742229420353549
38610,0.3248142438026747
43641,0.5301394612896354
36431,0.5504785743331064
6423,0.716110688435291
18651,0.4478791614507938
11676,0.09910168797119548
10815,0.34265438301247514
44770,0.46772894332025644
32591,0.4763799973173938
10666,0.38510081570175186
50707,0.4671683513898361
3530,0.4363431334056314
61562,0.27003748303278696
32085,0.4325883605808105
11711,0.7901512488688425
60913,0.441026551897232
45555,0.42479923262325475
50013,0.30569605825863316
27282,0.6862712856619729
52868,0.6055695893938503
27809,0.3223922515241155
40973,0.9997293594472623
29114,0.5452715729578671
37618,0.6279000667148281
23087,0.6237175846483285
4901,0.4794596197440004
41401,0.49628753844502915
39807,0.2884161770520228
27115,0.5763912362746128
25546,0.3144086493071541
8104,0.23120248604796656
43361,0.3738973032811539
14539,0.5561740638428859
442,0.12545744912847834
51430,0.2566094708213421
38391,0.29992233459393747
18153,0.4960917345702452
36380,0.4011132003059723
43827,0.25977612197013833
10354,0.3759067642606816
49804,0.24047585534067936
62866,0.45605496112097704
22559,0.5585614706701609
12003,0.7111305013262493
60323,0.44882238396156676
26968,0.4114391146530615
22194,0.445530055203499
22199,0.24359703855088946
24888,0.5400922219777801
6920,0.5820359695227357
1582,0.23404309865654738
51023,0.45797662265849526
48999,0.29154058120280807
2247,0.4342188076668367
22880,0.51816327498472
12001,0.5129197505887938
48437,0.5566920193353438
52188,0.35411529021399957
37223,0.24894861684974076
229,0.34211281052502573
57261,0.9316702976766189
14787,0.5687074237309774
46255,0.6322508476921869
62812,0.8217477506122255
55409,0.5148629356811446
10783,0.7442798878321626
56440,0.3278177432564171
43810,0.7384696864908139
71,0.3963949676286846
47092,0.4806177341365961
14267,0.4533158172707752
56090,0.499553630638495
63270,0.6847006753339502
42479,0.5673760609172904
47259,0.462388977338181
23300,0.5810871445007102
49123,0.7584388682799346
6575,0.3517046046454744
57849,0.5312309115801607
56599,0.7004999138571673
63865,0.45295732154518364
19774,0.6098508779007139
15074,0.43066614411808035
259,0.28316221488969096
13325,0.7059250974620517
28309,0.08796329830657376
30545,0.38584187970948347
1043,0.2624806934657904
119,0.2864416251564633
64096,0.23604424465855636
16717,0.42455029651481774
45709,0.3306737833663885
8709,0.31101061653446355
54133,0.24632767441745232
37997,0.44939538157208075
1396,0.30637892060050537
18482,0.1481042819710804
19889,0.6774295866063709
14461,0.3555501701141968
137,0.2759825859974793
27393,0.4698911470242183
41744,0.11297848814659726
10833,0.39687539080049217
28025,0.10340652958912287
15857,0.6207223252003496
9118,0.2220978180345468
15114,0.2719939392772886
53580,0.689032921923882
62313,0.5032952543918425
7560,0.32783117667678047
1957,0.4024439676555372
35734,0.7053475990489403
29508,0.21845084518163607
34885,0.393171541018201
16406,0.163851613369237
35140,0.25403295046991864
57703,0.45165156515449495
13720,0.6591090596858717
46381,0.6396769750875029
22763,0.1979362925682746
22039,0.45031610004086514
20833,0.5117672474369781
15845,0.5922491583794757
34180,0.4591644871266346
10307,0.3447439056501092
21698,0.8285088617847808
54802,0.3331176663947577
25325,0.20739035818832618
52211,0.42261994089045896
33358,0.5276421270974971
21295,0.4662280698444259
47215,0.6207642783418862
5989,0.4235878100247995
28848,0.41853764265899235
21551,0.5829096090849849
64344,0.23258492159789984
57895,0.6052430653998969
21834,0.25598381548051824
53016,0.39741470867787
10083,0.4665122304472576
9359,0.49007220342840696
33653,0.21997594559401126
21358,0.159096643146462
19150,0.23738305642485433
30198,0.5620689575363871
37929,0.786308549595366
22134,0.3305802090569762
18983,0.3012747425558022
58849,0.535218902063984
2673,0.4710879033965948
1820,0.29489657409034603
35762,0.46603545921413814
61928,0.6763127322146777
25057,0.7981353757025313
64062,0.6313002875940494
42765,0.29751073491371016
29679,0.325513490942888
4014,0.4679524528420615
11742,0.5324663107393854
34464,0.09952694609124729
64068,0.46703751740277877
44934,0.4533463104210126
27925,0.5438654015190265
61081,0.8494729269097939
20960,0.6546323384365642
40880,0.6227957236542057
19364,0.6401320279885362
18848,0.741899597140612
35206,0.3461662670379401
20336,0.6184175053206524
22493,0.21769383974414216
44979,0.32271978492469244
35957,0.3620272001985828
7441,0.7181778468023375
4920,0.34013788113114723
23615,0.43044718654685815
7509,0.4065288000387801
17778,0.3255691546446012
31152,0.22107600734049998
53450,0.2946006866859943
34363,0.5624579339826101
30345,0.15655221468094968
4158,0.5050081082851251
22110,0.7415965805810164
62500,0.5606813424767402
15068,0.7817289358502226
1812,0.4105682288182055
3962,0.22880197444422665
15210,0.5995108282164396
54524,0.548538719409366
60378,0.48483200372360574
54471,0.418509857420966
17616,0.9999559817691607
60056,0.7896886034588406
22610,0.5846064449974901
49998,0.8888802969189694
13264,0.3252835289846652
15228,0.36548436980424726
45213,0.8891998928782203
37819,0.22321586866354545
39524,0.5521633437214089
43114,0.2727445297150061
40686,0.2685012922970318
24882,0.20877776348650887
51011,0.524280081954764
43484,0.2747599596039724
20918,0.5720654950083285
23875,0.28885665541035227
62420,0.2680379317006867
53370,0.9998773397551093
37341,0.43761235806486154
43400,0.16682891029214156
60903,0.719835138739737
38014,0.40699805582360987
6748,0.7172559559368552
31395,0.23875124743407758
47795,0.05197868290997857
25716,0.2332482922306709
17840,0.5565247571418167
24244,0.5467532308863103
32104,0.3844990513565203
4138,0.6850945545650052
10837,0.5131479640543981
34046,0.3828305508173599
28941,0.22346129622565838
61460,0.1440201833828065
59244,0.8392435407787678
1532,0.5059111347785155
63705,0.2416228059340749
25717,0.41233281435375
63498,0.47674227082579923
30194,0.42493157385630737
3674,0.49558339207105595
41482,0.168585036443947
45723,0.41367023948848275
11464,0.7647902556574564
6421,0.7431720223661238
6648,0.3825632326239298
53231,0.32407838888479656
50688,0.6215789471416815
28266,0.47076267033402075
26977,0.779024777673159
26046,0.23298963398178954
15162,0.19016898972899318
33659,0.49408834668643253
23586,0.6051194167290798
22042,0.40508044190496617
50348,0.6033031246776264
48072,0.7638300388152055
62830,0.16526407390864806
8121,0.6080251267543889
16994,0.5577548672985788
51300,0.3735981889813676
34841,0.48311658392211304
43312,0.12170715321004502
61379,0.23471974618202177
32602,0.3402675866835938
58502,0.3599681190834998
13031,0.6352776320074994
60243,0.7006011013016161
44675,0.38851545397457987
63444,0.5871143033337508
30389,0.20916131494635323
26156,0.40283347253966684
8109,0.5460130367546738
14297,0.16061197728300688
54562,0.6196996893679841
5516,0.5708355045175502
5532,0.32029868773483194
44007,0.2576638096565521
33399,0.11876216506939745
36496,0.46338954147836287
54241,0.23136927045323408
25910,0.6455597431082353
54502,0.27685970235721497
61965,0.31054568411822103
26145,0.2574083633182244
11481,0.35348976377825914
64107,0.08333047034892345
1192,0.3023166666446561
49592,0.9998115681517559
39222,0.33046545264753086
54678,0.3647178015048739
25782,0.23302473400440538
19140,0.3948728356709607
27497,0.42043195942987827
2333,0.7839921152706345
17176,0.11546584623867669
751,0.48467816673875586
41390,0.2606374626356323
26717,0.36917642272759593
9058,0.4276857620696136
49301,0.9995776765445463
61456,0.670787933247562
51884,0.29076880097527064
15726,0.42281978175148455
28231,0.499989755394567
39354,0.277601312315494
17359,0.33518314431727186
15196,0.9996164611421601
39241,0.31397290363551755
19461,0.5754303003103154
43521,0.42370454474828345
51168,0.2742804566567586
33720,0.5306480285820129
41443,0.33118540749758324
905,0.49549499545713044
33511,0.37889069217865323
35625,0.5442333106416943
40093,0.26324723522163623
18035,0.3120314606924472
60458,0.3884439016990835
34506,0.31032697723826
2274,0.5012822816698017
15352,0.6139920115246549
47229,0.47039150352554837
20706,0.9999399897108565
54528,0.39540893414012956
6220,0.27035362253262185
55838,0.18145187755833647
15959,0.21455911711158404
12879,0.502177790823722
40091,0.2163034210859159
64724,0.17353568211262257
15625,0.6494727897378996
64087,0.3158671618935028
20331,0.4469093489065759
30664,0.2370759147890194
56982,0.5368444559855742
39444,0.4757007067490394
27807,0.658392290648739
36126,0.5429713763490607
53327,0.999806148601224
31860,0.7359428845089807
30051,0.5268533600691085
24296,0.649039261547826
21662,0.43693429135959116
32916,0.32887212391043363
21410,0.5383946805294882
61323,0.4818742528147321
56442,0.4522190604269443
9315,0.2907381963489754
55101,0.46292882961013293
24972,0.26360220208702695
24876,0.4844016710904976
60044,0.15594637755816523
37897,0.3988382977422696
48446,0.4897962843454989
56891,0.22041380629601298
47380,0.6145979686354337
37298,0.15954631382901963
38113,0.3359309167251397
15758,0.4232849509749726
15611,0.5471244360681207
47032,0.5228350529582323
28967,0.37921857485483307
32225,0.600381397198366
45114,0.5987359453311585
53744,0.29816452072579
3718,0.40400719708914995
19687,0.4521060146645529
10438,0.3637007852928396
23234,0.40523461964097685
44839,0.5110241603915581
59981,0.25254832036722175
55358,0.4202778506408622
39037,0.40213275156772116
39544,0.1897515170209895
44593,0.5037528669794954
168,0.3845534497480481
45855,0.13073535007809656
58851,0.5077423643122747
24686,0.3341337554434519
45499,0.5952204729582425
59314,0.6285865173735108
46760,0.47224070800475576
59306,0.3125943027314312
1405,0.41669339701220104
28920,0.7862916478409336
58115,0.31448954819721336
55483,0.461126793735005
16659,0.648328321693819
57873,0.26771581486194374
20326,0.16527877632595678
30451,0.5057948047210278
38829,0.2571608703609817
28120,0.20585101355037044
3073,0.3429787142793763
30467,0.44165692347858126
38035,0.7269238984627815
186,0.325696070929654
44232,0.3779189214931554
51078,0.6777653723111845
2471,0.23804358164371128
4730,0.13049522267974203
34345,0.8016662931034152
18664,0.2846619808013359
42787,0.6914302121572921
42331,0.3836123600103416
44067,0.13340615265127778
43131,0.31801164561227274
61362,0.39852494463647226
3151,0.22740348545850692
35164,0.31493938297044555
55812,0.28258095029170116
33082,0.49156439394810375
60152,0.19238822068577158
56597,0.6588388530706072
63584,0.21594220349298598
49259,0.4675430812914533
61089,0.18648896337130644
43066,0.4682443520525401
34087,0.44818322831145446
8711,0.1562565885534945
10157,0.9997693679874116
33723,0.4688312024204478
45510,0.19349889816647065
8614,0.2436106365503353
12715,0.24665398101834377
43155,0.27440291318003757
13823,0.14143603711574199
39636,0.7210947611049798
45662,0.45812720320441996
16263,0.15845622827040057
50236,0.22660957441877058
35566,0.3128862955912834
13903,0.0938545876933612
54966,0.720510751294196
40402,0.41428896577209134
5962,0.576799274333461
39717,0.7790853046201014
51721,0.3602875113157275
5094,0.4592893137869471
6672,0.27643807892787337
26097,0.4305741174651323
2801,0.3697330266416903
55249,0.36956262088881997
52961,0.2615416921344889
60228,0.1311938125818896
55681,0.25798322290630565
33935,0.12058263320383102
18388,0.3968500398796326
8357,0.1655959644168487
1001,0.649485417889171
34376,0.39540055891344594
1428,0.3040017496500071
17985,0.43088134439828
26978,0.8136866204521186
37423,0.4682046315187524
59665,0.533715647240337
58188,0.41764253517789063
43004,0.6762630219191852
62355,0.2952630300437334
36286,0.5681243342296655
23124,0.23948705199302606
9154,0.9998051977312524
41237,0.8280234959154599
42778,0.2892222265316894
35905,0.8702238647005107
59824,0.4495268016562006
54607,0.7957301470534053
22630,0.24917681185549986
4254,0.14373903526642526
32387,0.14301340739846702
35220,0.5471615750069811
28340,0.32398443295856255
42157,0.11508723673908888
38685,0.9999180903755717
2519,0.4425744301429215
15963,0.4469608350365453
61264,0.5493548146500491
20081,0.4904056716049518
13219,0.06498245244403543
58350,0.6188834176777189
31496,0.4077895293906297
11551,0.33183265546982615
10687,0.4861927130203419
53084,0.28460108592073663
38379,0.7230343428555143
37744,0.6947975804910616
24515,0.6249993547622402
42394,0.7723363888277542
15482,0.3417427202830032
12914,0.5163150477765327
13900,0.3895424379180637
37610,0.10689031505371031
36840,0.33973048585953974
1798,0.6812880789580688
37766,0.16474612844636638
38991,0.3718326678221691
3831,0.437265998344942
28703,0.4332984524682381
15853,0.2156688500138784
43290,0.9998229228659139
39340,0.9996787072575016
18786,0.5203317358147326
44046,0.6446418028780353
21384,0.3515949787966072
61635,0.5348427128850236
23345,0.3457454270618204
20798,0.4337186607964985
2503,0.3138624459346045
2488,0.24301148592022706
54633,0.1785009307949549
35323,0.5687338262375479
54496,0.5432265985130991
55475,0.14665722737707196
47706,0.3808805532647579
59553,0.5711189246157831
55059,0.9998961626129133
27035,0.29258702252485963
3473,0.2813576494498331
52353,0.7064491258327366
38756,0.27114851461752765
28860,0.999895027650738
52803,0.30349941654702045
11190,0.6156366255377695
20297,0.5386957374576219
9716,0.4190223506182851
62138,0.7291802704014194
23913,0.6613922671569648
39114,0.24909123176982131
1621,0.41223318658821045
27116,0.508617447913215
63589,0.6994927948126329
7324,0.39344361005576545
9760,0.32611288961863305
3093,0.1252346396806766
12324,0.40562765039190507
54473,0.11706547104434814
33328,0.7382615863156375
12865,0.24774627162335006
52113,0.31978479344104954
16648,0.5607683210897066
16374,0.497376707413531
12707,0.6596997121156384
45534,0.4313281810528929
59727,0.6610076568774376
26558,0.5296341674072592
2399,0.3030885644183709
24815,0.530636179809936
5948,0.36646444257810873
2565,0.4626829716368701
57193,0.2774148905206883
23974,0.06655258316648383
38086,0.13600866426446678
285,0.4492109599604818
51610,0.4155904284718232
34907,0.13395007835119038
24694,0.46695329359088694
41909,0.6591247703517659
37013,0.4737962970070639
21255,0.3928416475661337
45054,0.4843119183855155
20842,0.46681192930535437
50633,0.3296657815741167
12840,0.5286805191437628
53447,0.4703301406253351
42534,0.5314645699000744
6661,0.2821507760940686
20015,0.4544610355630474
20808,0.6388234132900376
38711,0.2948383591775832
47529,0.7823013372749352
15269,0.345050848117743
37571,0.547345032507376
13841,0.5835903544225751
56610,0.2419004657184683
56118,0.7359753010895402
38866,0.6286339723527853
59725,0.27765478113348485
63151,0.7166038508715835
3981,0.1750023639328357
56502,0.4028202211565614
29240,0.7369777983603928
35767,0.3254252069033743
34515,0.5661855531691321
46882,0.21708158370862646
36922,0.16723960910021948
30339,0.274660825322202
21035,0.10723167301228205
45839,0.45513881032215353
28793,0.4154190978614977
41287,0.6520483508492846
24278,0.45924213367114736
29298,0.6872290457173328
10062,0.2787968507154217
54937,0.21497679320528307
42917,0.6391376102598626
58685,0.7686523428682281
56743,0.739841430269998
40267,0.43144156976893355
29584,0.7969087427938064
21792,0.5218791958226625
45173,0.5771418640055194
46974,0.23714435574212697
19029,0.9998464582429354
24853,0.4089026399712782
34687,0.7424023647462498
33955,0.16044441114969657
17880,0.27213080031161646
7841,0.28670535822008164
27835,0.32608345618342194
49399,0.6733319269353792
13289,0.5525591429645416
39925,0.4561831971588874
22455,0.5824729104830025
20359,0.36427317378356455
50129,0.4291442892661703
12864,0.48887389917860696
46650,0.45668900664331763
12248,0.46869149147018896
53794,0.9997908231478261
60257,0.6522779881397577
39119,0.29695590150594836
16110,0.1878892960878793
18633,0.5353021087875497
48778,0.2303250843513407
45752,0.5431281778569177
53635,0.47541847653684827
28317,0.4080900190849122
28206,0.4755603666157415
15045,0.7655270887441386
9443,0.20981696066483976
31026,0.2458412421122002
24981,0.6705699858833211
23545,0.5331578644359448
28907,0.5804753240367475
43623,0.2217624626168704
4607,0.4575011522046628
55373,0.3797518078167621
32626,0.3935814363568979
15928,0.28240512707708265
48562,0.5225476187047923
23299,0.7167464132579433
26562,0.34817882207649775
23077,0.37339790565049896
49575,0.19353314010416525
29036,0.29928829742307
64694,0.26698598021698083
41594,0.3832985259164398
13722,0.32660835356227036
34787,0.5840752662441259
20049,0.25948698780990614
24997,0.46531654881848084
48750,0.13763832960325023
43572,0.14649627686251435
26358,0.4061088407682834
931,0.3733801745241967
6325,0.3339222371217176
29090,0.40404772812970635
10507,0.3067439602584863
6574,0.3910192723962528
2105,0.590249001265183
64524,0.1994069914528411
28505,0.4273254096305814
45950,0.29411103578824
16309,0.4762943004492845
15856,0.1505153905632074
60892,0.32549861472098796
1631,0.28997651319062107
22314,0.6921018593890795
34407,0.33775646918135993
36723,0.40695933459658873
31903,0.4698473881782357
49219,0.5622090509672778
49863,0.3889487215054681
60190,0.4433913591790989
13415,0.36986739184106915
43033,0.6287003593764595
48758,0.18570387217979353
31622,0.19323182779647138
18990,0.46843978587663154
51167,0.23598199083816546
48509,0.6838323875208789
33025,0.3211659238587264
41332,0.2447177606758252
49341,0.46944040700892137
42920,0.6110534366980649
15087,0.4474622993188188
5629,0.2649800087633681
39946,0.5840524837921708
54717,0.24668840724814534
37422,0.3887969284486158
37977,0.4784326365790487
39930,0.22774668375223714
34569,0.2774397585364386
57666,0.5387187854003248
25003,0.6036269908436864
40978,0.9999630256773779
59766,0.4415270673179233
26077,0.5889526005112368
56966,0.5379200956512286
8889,0.4271996639495344
18535,0.44349285599037974
27850,0.5319078954506785
35858,0.5103081682250314
30073,0.6996539418990746
12696,0.2780896402280294
1037,0.3150852248163482
51281,0.24311983302178694
23621,0.3742529312969451
35394,0.36093880340597195
30259,0.7588081391836907
45810,0.14325381293021644
37923,0.1967832454440877
17175,0.642658871433424
37682,0.48477505665695314
4443,0.7083462946703727
9651,0.23162109867411165
11176,0.6512789005148051
27,0.3098515350834805
14207,0.5158341598680558
19736,0.14017229090969066
48694,0.3263420600417387
20410,0.4932327228610283
61660,0.3236104521532777
43754,0.5956437965802179
45041,0.3361349958719853
16918,0.4401826380579504
12352,0.3759894270690167
6841,0.33148546977451676
48930,0.626328194629314
49815,0.11477576473442096
53758,0.2245354326155729
19322,0.3635029965286055
2608,0.5245851893391597
63850,0.9093961324420883
5120,0.37458494435215384
37747,0.40294465612399966
49823,0.7373437639639865
45356,0.38966717016369873
36823,0.5357921216238956
4333,0.5722771457211975
9182,0.6400426521158749
62349,0.23828235938233022
36227,0.6891238200795189
22188,0.23588359646767884
9479,0.43073752809004606
56297,0.4856962620808493
15272,0.7724165393385355
44706,0.3447921328497831
57597,0.17462687458214074
60404,0.24736458819076526
15442,0.1850184139103659
48462,0.27764904836984655
43756,0.27834648396560907
50493,0.48644981221009337
31777,0.4928255804350977
37542,0.3223106019830237
39870,0.6786906776137466
50966,0.5541343728401408
49733,0.2527441713081765
36841,0.18116517277969799
11648,0.49346023783973436
29307,0.318708255137351
62833,0.3697605241052807
59111,0.29160014626658126
29631,0.2177855649841816
55991,0.40319816100175837
45496,0.23029709789048794
15278,0.19747446466418134
6499,0.5614740280803111
34090,0.3172474326553467
15969,0.43694008793078853
47987,0.30812829136118053
32478,0.99981098241073
60116,0.7199047775913257
45865,0.20030506592202302
6923,0.3374040382051094
51046,0.17424323010383813
14752,0.34536847646633234
62410,0.2816436900358328
35014,0.29656164334828494
19023,0.7951546251977455
63878,0.43105588769880354
11616,0.27002398589677257
61383,0.10653803188870331
11224,0.3809876407366971
24134,0.34860138319486644
3129,0.44322025322232117
1188,0.6630073884860178
24423,0.28631812705308757
59106,0.3075901964570674
27606,0.5691273246773032
28,0.44318812731196755
64305,0.3161547426574934
2739,0.371709836761761
52622,0.5666933214732583
14163,0.34743925903513817
3317,0.312580247858943
55761,0.48474971640356307
30617,0.5230938878329657
11204,0.5597233608057864
15455,0.5292500380794365
8938,0.2141697960527629
26306,0.17560402490581078
31403,0.45425635218547994
48851,0.7037605912368619
17994,0.517636436119469
48257,0.510775946923414
59967,0.5468256627953573
36439,0.49672668509093526
34704,0.6698932488497041
34099,0.16618085818155226
20291,0.31446478393802674
55546,0.4329355160854304
596,0.4760392288515677
13408,0.312329509608244
64976,0.2743635450699796
40001,0.24376949143484336
15145,0.4001623313796409
47883,0.6252337886197425
24634,0.5431537830618178
1789,0.4499811697993188
4872,0.43599017546976293
49046,0.3576854558294674
37614,0.34269124355486064
1181,0.5300937225518619
56854,0.6895225920462683
54530,0.3523727429414245
35952,0.3610400669553889
4860,0.3602748451550105
21837,0.14487027874673475
290,0.3190856645134745
8999,0.4079486550382732
22821,0.5726550411991203
56428,0.9088194920991118
52696,0.12254971739367045
22671,0.3296865036629993
37584,0.5142878968691144
49108,0.409334578236139
53460,0.5166977429266224
2640,0.30290721582545
2855,0.3529366834269982
53409,0.8009989482195571
6050,0.4980351709965828
51223,0.4850579586996642
37024,0.1020587641247149
844,0.504938784200425
32497,0.3770030486156781
56004,0.4360205524190551
21403,0.127338000644677
52701,0.3591033560377432
16559,0.32188840231429744
56567,0.3124002260623151
22270,0.6361717404195227
31553,0.3680599216610806
36248,0.999890538674792
25198,0.4422046470150537
28900,0.5145613272366343
13180,0.38044434950701017
52914,0.5477426224179397
40456,0.5226927209086946
6515,0.5435851548031934
52482,0.2674559290359944
40233,0.3380294400923181
17719,0.2645491309576596
53484,0.3569045852903395
35251,0.6245648780011486
62281,0.15383398296297437
53730,0.11918583567836827
4797,0.6108027152777692
26610,0.7109919492418492
35604,0.19023523361922642
25859,0.23106233248514896
12912,0.3120741595757058
57405,0.6644742928563155
10475,0.5828918845137091
10764,0.23706751042227214
46890,0.5856890428308529
11889,0.45362733695359225
49850,0.24836320646344934
30280,0.5703698378114456
8564,0.3174383949089974
6333,0.29555732169988697
31214,0.7054392255521694
24679,0.6725533559305251
25076,0.9999363819754072
13845,0.24294344652450856
53785,0.4100619589412739
33369,0.38320690985516886
40992,0.24310093838020766
64320,0.34496264041995567
59297,0.27350402514237365
12083,0.8481254133911086
19442,0.8859021530348524
28783,0.2862190395550448
4167,0.37264527611402654
419,0.5240632356273749
7217,0.06993401012807017
24840,0.5523659899183577
31118,0.1921313085998009
29618,0.6201774602381869
15889,0.48611150749717563
50075,0.10626356708494504
14129,0.5449207340525896
9780,0.42731292859360803
61160,0.6063458660283016
1250,0.25911804684185286
7305,0.569510577360195
28209,0.8300092079104211
1969,0.6034923225616736
45062,0.10193100362006904
56349,0.29166065478536113
9968,0.35709952859605815
27186,0.7045958174364138
27961,0.3531398474735763
1894,0.8471416663875893
52692,0.6928902836879193
45005,0.16489512064793527
13183,0.7594924432135568
19325,0.6862923554746507
11874,0.5874473634715596
15205,0.733481256013506
53554,0.21468194281882425
19352,0.2619490443750785
41728,0.4337358679238682
21089,0.8046857735015899
44285,0.4719656058537675
22827,0.19733054453042734
17723,0.5131425092137603
53493,0.5499626676571683
44717,0.2245669519339169
10170,0.3465970009874454
10908,0.5288526022960054
47681,0.5115977675867388
33568,0.6890717798826826
16711,0.4484570449634942
17078,0.21201363987778624
44804,0.21917395949977805
44493,0.7886901300178881
64924,0.5366856327236428
42265,0.17087113644343957
5848,0.2040068590361759
64487,0.35184970564957757
49740,0.5587560035426101
14140,0.26487428633399535
20389,0.7081916945866189
18688,0.7506122163201212
19862,0.5218844874360209
17138,0.4044055814276056
28303,0.1311462032798813
196,0.33939363718713167
6324,0.6779821777657328
39446,0.5730337629159284
64936,0.30404937408000704
52590,0.4675000897985449
19958,0.33140814743239144
17446,0.5074680717607369
43239,0.21354010032388543
63572,0.6041829127140219
25707,0.44823222712715965
57468,0.6779255687330183
62523,0.41707409790435646
12231,0.598183931851155
4541,0.22805258164863101
16067,0.735567504803816
31025,0.47243807747926164
23952,0.5314588088147514
13551,0.9998200383053535
52348,0.6795051239952603
28872,0.8019622062410879
47960,0.1379936645541046
53306,0.4361365201959883
8019,0.33939915366200246
3351,0.21326701901313688
46769,0.30830533588060605
45550,0.34697114505417787
23878,0.38820005068346103
47534,0.5273047639906211
27493,0.5831076962643306
56919,0.2802858216065196
47169,0.3123475649561469
19420,0.42362505819599816
25238,0.7026338744476784
37377,0.35570501861390375
13819,0.17371507591955013
37939,0.6479034847891623
43058,0.5595517826474157
25725,0.6581476572780333
41109,0.4741343881241759
20504,0.6082051799945111
47240,0.32786181409348053
42081,0.5294762549589752
51012,0.677855650206764
37544,0.31247589307605733
35461,0.41926045469204315
11738,0.7087840811990973
48006,0.5830325379333976
28600,0.3553358138357485
36888,0.6585502752009582
35976,0.33309735263827894
52481,0.8622706247375472
34081,0.3506480607315769
30418,0.38295582477746637
1871,0.29114194530576415
62223,0.4302623218742971
13403,0.5274007894692914
23011,0.7689240930267096
973,0.5106476562444886
22508,0.40717860149667395
25868,0.08290307112869992
34399,0.31043859129343354
6539,0.7847793992589208
63296,0.600273601870306
51704,0.4365503088312956
9928,0.48160229403336774
7962,0.3803760150570691
11203,0.5312633082976121
64664,0.4745631135145668
53440,0.5604181380959077
4740,0.6373411755600407
63632,0.2850628530597104
50500,0.5219026802033843
42817,0.33226953436336887
25736,0.5356417198442603
1330,0.4944891207685017
33421,0.40768091155921793
11510,0.3172534546332717
40414,0.14171286885220644
61210,0.48112695948680806
32933,0.5321007289400717
2120,0.6242679468229603
32595,0.21000871390654405
14016,0.4851703365086219
25468,0.2710645033374256
36639,0.3643587375965585
14791,0.44194109655134917
52090,0.42297546036495753
38411,0.7933021908849159
33703,0.6463062970841851
61192,0.24666110473869826
9619,0.48872783596530295
12980,0.5865592236396495
3549,0.25366782927902004
15309,0.26114335310879205
35091,0.27734528784082363
42707,0.6194749643447409
33340,0.33582127939318396
50918,0.26543397091130144
16821,0.24598046205900834
16921,0.258036946009672
23469,0.6231258278859377
39726,0.6705306265602547
41772,0.4866011016322633
57648,0.5043719256525833
57781,0.5582510351696022
9321,0.3054717683599976
13681,0.6442186242155252
39076,0.5012760082076833
40550,0.15073230905719154
345,0.39742432702598995
9618,0.3309669452892017
42562,0.28335718991863373
64625,0.35531230723951507
39029,0.5151907633985211
48395,0.05692858479099961
44766,0.7535545970989062
64515,0.20707897956021273
53470,0.7579721983887763
36280,0.9997447926393614
54371,0.6452580324148889
33114,0.4752164465906123
54698,0.9998905785053227
33688,0.5352971086642879
39503,0.49781175013981277
47864,0.4912316828659789
33773,0.4863677617842521
11447,0.7225397233852778
4672,0.5098674498161302
42096,0.421677274800775
44210,0.4037461103232133
43225,0.2274308773065057
32513,0.4873936156117294
5541,0.49977940420236966
13865,0.31743139540635673
787,0.6428032844825309
61905,0.13403680631147444
12927,0.5687252942004304
29848,0.253530548993601
63721,0.1797864766773704
43289,0.3678564637285789
60629,0.38374804793053885
58732,0.420059277641798
43102,0.5230078082758975
16260,0.5457927905522642
17918,0.2071302628070085
9427,0.4509881626747811
33532,0.4774497454261015
62664,0.44932842513958177
45597,0.2518133017209779
11820,0.39115418777990213
21713,0.3246071421291876
25549,0.3426245549842914
34666,0.2959716876151689
6939,0.21258438867778817
56499,0.17547912078235836
41183,0.28560037731673876
32146,0.7045720591723957
20296,0.5632158692923414
32754,0.5630702885146349
20372,0.42390892505065336
16923,0.25698144943778267
17540,0.35594615522891704
51716,0.7065372470342725
47833,0.5850545620476791
50319,0.4476477764980252
13343,0.6207526883882127
11974,0.6633395661323379
33578,0.495743470106539
46814,0.5731863583538445
58712,0.2320347897778796
54489,0.5930235835659691
13323,0.4143714970828835
57979,0.37896575440592234
35989,0.5626889351609353
27950,0.6136756730800565
32302,0.2965333461845572
60052,0.24719157894524393
24858,0.5713101534589603
19050,0.5030889196250283
58924,0.32563926110566
33200,0.5497559332136428
10746,0.43325869025040487
39253,0.8534183692764591
33183,0.4969213174063811
3279,0.41995477715634305
59119,0.5356488937182676
11972,0.1093711722869404
59450,0.19980886308608767
46563,0.07136257070207193
48671,0.28640504653811644
60851,0.5732000232786003
41060,0.6127941028390004
19033,0.5841771898455846
1375,0.5560607878533684
42390,0.5504974737540087
29961,0.4604235653581978
39157,0.4865915351842595
19422,0.07459143551346846
42678,0.35958387718587015
1016,0.6355209033686217
30680,0.4575879253165664
649,0.33649322437352297
38184,0.6172962812776179
4911,0.7242921357196466
34265,0.22925196265577197
59882,0.6466789175076924
13517,0.6800887822753833
64570,0.13482689259724465
18162,0.28728630587965365
32581,0.4001031451291165
19337,0.2938882285241623
41892,0.7021211620185156
20244,0.07664872129247167
22868,0.17289217135207527
21546,0.4706601877469521
59666,0.36213707493578595
50227,0.38881458448899314
13693,0.5283823296591096
5309,0.6120296247954354
2524,0.4037755016688532
42352,0.3181931850058624
35668,0.5579942415058999
47121,0.537932489678627
21810,0.47525010027124726
18397,0.44733137750183866
9682,0.33422209115981627
48912,0.24602444579318092
54124,0.6854000929399798
46505,0.2789471979594179
19441,0.6559868748329754
64645,0.5811988208211455
7875,0.34916300027454633
47220,0.5288024775789647
47415,0.9998804406171259
30399,0.25142272343162075
20398,0.4837320569458215
20727,0.11267620135529842
3699,0.6374582972722557
62363,0.4228940876099324
41340,0.6344944689417409
25635,0.639102550764542
33947,0.9998785995724321
4778,0.7634803949988094
61621,0.7300654649857583
15458,0.4827857087921101
10268,0.35021729864897255
61458,0.34332934851914243
10142,0.30173244727361825
46487,0.3956263324226538
27931,0.12069258946961378
3500,0.3452052410453719
53463,0.5343637982904413
37399,0.4137317857409196
20955,0.4260881205904388
39466,0.5857383531744834
50318,0.46654677834582603
9412,0.08670917680518236
16151,0.3418358018495915
4330,0.724885809217218
33766,0.4758482115326633
13905,0.3149587152534016
41667,0.6482347239609745
16682,0.30950885606116557
19537,0.30041998702123285
57155,0.8980034215303903
51961,0.3823151231847025
62695,0.4611696867346357
23887,0.37551943659744874
12291,0.2896476781907789
42140,0.8288035816843332
27892,0.1058594694184095
61592,0.7604198301035319
10565,0.48599093160750856
8848,0.3980965155667412
49381,0.3892731170655551
7788,0.4847454469814045
19831,0.5292835042530382
56288,0.43333557159037606
17559,0.6188474305203576
52162,0.09436997788924098
60952,0.4514724854870323
26892,0.15236051722970048
1008,0.5646838441827493
55956,0.233542270085827
55243,0.3953855721210321
62506,0.7423972308677529
2767,0.5946555779263829
63521,0.7458882491134954
46979,0.9993888344805318
21718,0.22670933871051827
25829,0.5001572449611426
14001,0.43539914152485454
31257,0.2721106499882036
30088,0.6254741095362344
27113,0.38012032963470166
11938,0.20007202973752874
7471,0.6407373974859217
64587,0.8278513033125546
46264,0.3917424152941996
43840,0.9998418112264006
20841,0.2872944817879362
5823,0.3474126056309951
63163,0.4240527002314332
59398,0.2617579675972806
55033,0.411583412668116
40857,0.6958466208849093
8294,0.23042634272608986
24545,0.43538178087461205
48487,0.43928765943547643
42222,0.6877388402750246
54752,0.2855577423332649
37015,0.24563165784764934
61718,0.2507505996293875
13674,0.42667327400307087
27499,0.32830059606065437
35581,0.5842995010093857
56377,0.2935002868130308
8285,0.5376835976844594
10725,0.46760230167055644
41854,0.26893447786220687
22359,0.2990317003437855
3444,0.5289263383227568
61107,0.19126881360164763
43560,0.5614695368045017
43866,0.23817398742686455
1831,0.6448179326221608
45241,0.20014666046247867
11886,0.15440623625698394
57926,0.6023823331939768
24982,0.6122560492260908
35152,0.7295012679316533
27625,0.6965683049411523
5783,0.4499146512820401
21441,0.5395181362250098
14755,0.2965279845800135
30871,0.4164016874166875
35207,0.5760288201273478
21521,0.5501594631807083
50613,0.2564258178682831
27059,0.20926103542815847
57149,0.11116074936725283
23591,0.11166586029864116
58527,0.21047617159793477
26544,0.6959251106988658
62732,0.18321912317588376
61368,0.6390191971654503
59994,0.4520135684980102
55880,0.2758056717869838
57126,0.2458944409417028
46900,0.4322291650876493
54843,0.20666492697126723
60460,0.521763518875167
31325,0.15675476194279836
42569,0.4545183732265302
57233,0.2585381069168189
22741,0.5037291618477621
46126,0.4005733280169509
50417,0.8924054225474289
27220,0.5530531688377649
5940,0.491252278910836
8500,0.23533644037277135
17820,0.5885201190448922
51637,0.37973750131503925
23577,0.4034777840511088
11205,0.5978191805342696
28886,0.7221280437283943
16000,0.28411649830791713
44141,0.5586055562988244
42532,0.2322044105416367
34121,0.49344380737270677
54329,0.30635693933298885
52742,0.4517697570965837
38286,0.9997893521266186
27047,0.18141225504563246
14671,0.507538842395579
28016,0.4437707931177832
26238,0.45542053272768523
49590,0.7253647999723447
9368,0.19271849216281267
781,0.23424957602945165
42618,0.5101089513286217
53553,0.5662052875249282
63769,0.6277875790955112
44509,0.35991551801955685
48492,0.42250984829897414
37980,0.9997794728738211
25712,0.30689608217251063
51332,0.4516361407141441
44747,0.8848076537381804
3524,0.5988250335576039
58806,0.5634968890879778
4003,0.25003042373707024
2633,0.27954828839984186
43780,0.2027470140820403
62061,0.14792418147309638
38443,0.07814346900039107
56956,0.5995631083803585
38532,0.41750938380122754
20544,0.47922626697749904
60979,0.5209173757814467
41446,0.06567405569640913
62044,0.7531255192435355
34110,0.2521549446454779
41487,0.45194199141176855
17252,0.4902522272938497
44826,0.552153778324022
40858,0.5043141029514041
59849,0.627091793211804
22571,0.3580058895504895
43569,0.2714479044384373
50067,0.5570588352195796
25311,0.6285278907963928
48408,0.6897874286968984
23909,0.26277841440665134
46556,0.5511183273395127
50331,0.2928175286897204
12787,0.6229287669082695
17916,0.8044740713080722
46999,0.6322901008672075
4641,0.5456928349342361
58995,0.7730809613140969
37548,0.6042625903504868
13410,0.7014709513209539
28480,0.3574169639032351
56572,0.28235533523892886
42714,0.30436059496387075
31940,0.486897967208792
41598,0.9997515319527873
43940,0.3103243208482902
59787,0.2278836347133201
2271,0.37067030991063055
59470,0.43260711945417835
51891,0.4613917446967548
32617,0.35822613316471835
45151,0.3344319826705447
43883,0.7033071855675954
52158,0.36364742250905613
60634,0.4389308324415897
16991,0.6154215769257015
30226,0.22023569209845845
34366,0.852792555072129
49296,0.5024171540504676
23769,0.3449325628586846
11027,0.6353676254066554
15801,0.8231228827333443
35830,0.16537553167982658
13406,0.4168082870073202
56389,0.6207474807852307
28271,0.4036961306414268
38761,0.37723579772374033
52086,0.6792426503166943
62198,0.42720045540359664
35274,0.610939514787445
23585,0.849968617702174
34802,0.06866669070230767
38875,0.5064105111888093
17174,0.32350894145275805
30384,0.47485559019755863
26178,0.45475301058797546
54790,0.6150385766342474
23642,0.32176885116135917
47525,0.6471387730027357
3841,0.6257380018917376
33336,0.7128630707312856
31189,0.6445026022849902
10180,0.44971535073165475
39591,0.31707172211470697
29286,0.37725346656139347
27354,0.9997112327763783
28154,0.5948959492842462
46401,0.6744482568377509
61345,0.24821812310635097
56994,0.27713324846971604
12550,0.5160817080516553
29429,0.13274117825452175
24352,0.569940665646569
58705,0.21940115309739822
6550,0.24796658293206703
27586,0.7365091730881529
18338,0.4106664760456663
8600,0.7079059955896396
60700,0.5193448200279788
27860,0.4261627429671603
2102,0.6492362149192149
9758,0.5565109392132077
49824,0.23580865979350035
12940,0.32183868578153924
19885,0.6380199739209335
57217,0.480944081869557
59625,0.6214514624351661
28950,0.3228537787102395
40900,0.38764057630964105
6836,0.5264878666120506
35872,0.3304552235593118
53180,0.5394971945641548
61365,0.3321225325208782
47137,0.31495429396937624
45643,0.41084714206172246
29200,0.4193802660398135
12460,0.9998754511372946
10759,0.4402741997937704
28668,0.5077036843779495
41563,0.6530477929394154
15782,0.6118812685571254
29432,0.3806937603911175
28153,0.5949121946264412
15540,0.7356058979794239
52790,0.5338484814191271
19260,0.5163963951340017
7769,0.2800914974719235
2553,0.43433529933868187
30786,0.2005629516545173
17010,0.35516684964076023
60961,0.6229198576936184
60642,0.7125514940207524
40748,0.6359659086523421
45204,0.32178670107433444
31740,0.3446067686117251
53548,0.5235967624541972
7638,0.41730082862016205
337,0.34303452340876556
29010,0.7442432902291677
39766,0.6482548952596983
14115,0.28274420063980116
13837,0.7599659157554074
15459,0.7564854033278101
44562,0.3688612511829481
36381,0.2596725169403204
59138,0.2048146920100704
26855,0.4050579945241048
28092,0.7082424455550338
32319,0.35321253183662743
29519,0.6508181089041074
6422,0.6605347006452174
33442,0.45335202974119393
11907,0.5926345715913692
34565,0.3829363955437179
3103,0.387828603533873
57306,0.7012152065943432
3198,0.6090585842071076
52737,0.6124188009017006
12570,0.42103693697109934
54433,0.496283464025847
30634,0.5525480578840876
40136,0.37876055059941915
42754,0.4915633166479555
41625,0.7098887698231725
30515,0.13928485020643475
12269,0.5044345231678299
57752,0.36713177358618126
46275,0.3280573169470046
20640,0.7206543986596674
6701,0.6233840659456938
45987,0.3915746366266496
38061,0.5157393083061926
16294,0.37009914636192476
45500,0.5322504586719885
1830,0.42200305291065876
62017,0.44355068281713766
1470,0.22363958947487073
29029,0.17613443507569013
39772,0.4927651145723129
21808,0.5357409288079701
61521,0.28414279359186145
41451,0.394367882855853
63611,0.18708915539234805
45429,0.6752307296037249
50281,0.7670768422605486
1962,0.5517032694288877
6866,0.17764256040289433
47718,0.9997742376532837
24351,0.9999231819402906
8068,0.49580077883697543
5054,0.24023394205541926
63437,0.37673166651130086
25557,0.498029418760402
21455,0.5993530298099018
33060,0.19580342065368983
10049,0.4311288725656951
39285,0.520970178041443
20858,0.3262726448620408
27641,0.34800218887248
7065,0.6461101748224448
25456,0.820512574353494
27605,0.5376615323080159
62401,0.4079587395088874
28364,0.4520677942363692
34475,0.23540239691434003
10225,0.46030166501220904
52324,0.3774890842739614
47942,0.9998203316420355
40838,0.17973571381991035
39214,0.33778361975234145
54186,0.44999528660924615
61516,0.2614259256682162
3846,0.48934556867348505
25482,0.17510403040328135
8502,0.3156391499412516
61351,0.7548998729676395
53657,0.6212790102812868
63559,0.49023669828461924
58838,0.8267041047041999
18431,0.1765221416067945
32408,0.30444330762689586
26255,0.2652698661073116
20341,0.6696864669995074
48303,0.4511774143028155
56258,0.35074712592103596
34560,0.28037276915904685
55086,0.2229358384450493
33227,0.44162494040023165
40381,0.44278416117250574
49963,0.5302713102865065
35925,0.6121785003691819
45990,0.17244274689576075
9268,0.5518262243676456
22972,0.36990701695983164
25156,0.45450771255320827
18101,0.9997716092036868
59089,0.5275862681920468
51731,0.7062237121024928
62532,0.40275046473467857
50552,0.6431006685296757
36298,0.5210127063622207
23629,0.550894568553565
64742,0.11226900534076284
27034,0.42749013028924937
11219,0.621479362754426
56862,0.1986754327078664
21198,0.38875563730878393
55269,0.5061822072456659
26066,0.6546295192900332
22021,0.21541065485603683
61735,0.5455655541265079
51806,0.38913537623748523
54507,0.5932428864183035
394,0.5457050615086703
31681,0.4357840043228139
51888,0.26820798049293604
18827,0.484019068504152
59556,0.5098260451949477
33464,0.39888274366890775
12549,0.5579603064901555
20910,0.7788786601247153
7964,0.4689726874986645
29574,0.7506595292003034
40712,0.30288762496650573
57481,0.34646474523685494
20596,0.5548628998721303
59823,0.2732298908597673
31519,0.35464465116146726
46980,0.4496582957438215
23627,0.1577624274534416
50313,0.14859098520611416
60528,0.3257713704541387
1085,0.6196369636854948
20701,0.7340446186494682
7028,0.7236114102071435
22954,0.18260913145854596
35471,0.2239024537371196
17458,0.4207099536808986
43221,0.41214655789058163
61898,0.408650973886529
8297,0.6115741650198824
3238,0.41217199111633357
64175,0.4450387269477131
25547,0.5256038824519966
24072,0.7621043733673086
20463,0.6478752366318583
59767,0.6449423129113236
13515,0.40343112676079956
24307,0.5301175969544978
7973,0.5817957561146573
41467,0.6920382063116864
46386,0.21363873187279747
26120,0.32088101023153387
41566,0.6210751900599764
35578,0.1556417805331154
45089,0.4524201932179197
60923,0.3351401945536383
48056,0.1267106347859772
56917,0.23654851408210684
28823,0.49666899367576967
28087,0.27735838570101234
61816,0.7137169543488282
24920,0.5487967327765296
35813,0.9998746568376169
45729,0.2961819413682273
24550,0.35924797560093086
64867,0.4090841701977399
23929,0.40394413933965023
54229,0.41941232501006165
1547,0.4117425785930409
896,0.23071087334741933
64197,0.48134353910391914
20689,0.6821767278966873
24713,0.2515139798952752
44794,0.22086207995432247
7937,0.5261959259013711
25596,0.35589335624893387
59326,0.4671016012173268
8029,0.27544740710665455
42136,0.3128407788119526
60988,0.27028157116246776
51320,0.15807790414759662
56104,0.4357729594183125
38798,0.411500992003137
41327,0.1988680108280929
21720,0.11675282372944079
15479,0.21131603892056358
51706,0.7028663427175618
23252,0.5620600790096723
28767,0.3919724757276771
53323,0.542323303847284
63543,0.1812691615346047
859,0.5348024707766694
42102,0.9998852248698317
14438,0.47872321948520635
58601,0.272914256152229
13705,0.48182488040536364
34479,0.5363814698458762
33742,0.5653251883605501
22033,0.4762951228621249
25900,0.4544312471968189
59911,0.5325952442414916
16712,0.27554780523631067
14786,0.3560356788137725
6076,0.20523571708136049
19789,0.36344875205884875
22260,0.8157641692501217
43398,0.7705018042203391
13312,0.2436946061670226
614,0.6394604459528146
11479,0.26081247505367544
18597,0.3683863335960147
49233,0.24541295593572907
56159,0.2003272408765147
2362,0.670920253294039
22165,0.5991905333341812
8729,0.4875790107897101
10214,0.38981657119785895
28047,0.3058574507383555
39000,0.6051632332398471
30298,0.7593475992264686
20479,0.1779450759229081
51195,0.06145480550921588
45616,0.06953714811317557
63527,0.6683373487036423
12710,0.4046338384840601
27668,0.19649989858144395
5361,0.4932746891917811
54961,0.42411816288624266
2193,0.4832408819962548
20541,0.35963639099439904
28811,0.9995496439267794
44244,0.41704906690468174
52985,0.17315455012180211
3505,0.33194039654711954
36055,0.48223223132316617
24879,0.4482924538092774
7294,0.29509036829547813
31264,0.491204046746116
20597,0.5830346880068114
47736,0.4962499923076185
46967,0.3241837606592213
35242,0.11977866484712962
63626,0.4087078315764824
7072,0.5492096245628699
6459,0.6664926747188964
64817,0.06680774249063468
57361,0.3542988027222638
5844,0.2703178489456237
5715,0.2637024034765683
21095,0.5819328839682038
21964,0.5708404738034473
40325,0.28248566018415927
37265,0.21979124930291677
31032,0.6623896753137957
32126,0.8441964235598582
44677,0.5087691139415463
58575,0.6624405868533013
25775,0.4118013329418519
59998,0.5806188782436918
60965,0.7764014694703982
27927,0.37811616976546997
57120,0.4488697187643985
64806,0.18181258572114004
19715,0.20820030257555874
13193,0.33975090083697707
3327,0.8388280192403407
58959,0.496130628459012
52695,0.6464966402123475
18488,0.3494389035173128
12108,0.3588169369242376
17369,0.2675879356759252
40137,0.9997385074148587
56557,0.4195117556213361
51899,0.3007504601284026
8232,0.28053071896787224
57789,0.2500693674949869
64165,0.49104083730745374
11051,0.5183043483306157
42692,0.4977905058707655
34956,0.40195785062056044
42634,0.5726356964094108
16409,0.3163825607685429
24667,0.15328629973127025
10346,0.4136788537514981
35537,0.2291270134043431
14352,0.4072500935595424
2149,0.2639442033245678
33024,0.41948018482129906
44414,0.43973071433538885
9237,0.437949961456762
17355,0.7184338866900244
19628,0.6226882599657311
12425,0.329369516560504
44343,0.4617057609147816
32859,0.999895896768872
12844,0.1167046884215628
62433,0.6385407277839514
18409,0.6223185761419134
44181,0.8006617678865772
51411,0.19507037520041196
3998,0.46592067466817483
42718,0.36394478703566957
63525,0.24318330520168974
4906,0.27146535712709785
42958,0.13923214189775987
11975,0.2837313796128152
57398,0.42444872707826353
52106,0.38364042215942923
53827,0.382464923993067
19073,0.5673978889321871
35626,0.47406336201842136
62327,0.1606596593226647
26258,0.7565515354928065
16536,0.39714190464679405
49401,0.4076759465726942
43008,0.8091018189728945
34245,0.6235928086107845
47532,0.36327336868083965
31328,0.6122462303804228
22014,0.5779456844781066
19576,0.3974507351073258
63480,0.2616999486162611
45529,0.707109398861752
33895,0.49917081115383816
47869,0.44793738320516246
63771,0.7131842656727945
25491,0.37944530218521394
18977,0.569618824754499
2334,0.32105609316590533
63542,0.5183228184989578
12228,0.6525822162955539
39167,0.4971241127453343
59722,0.3453469113836332
20683,0.43023545352563575
5792,0.5397682165524559
8984,0.3932947163615726
39429,0.5671584495998306
28371,0.4129234635058957
38393,0.7128577807816731
42106,0.5840572614342876
39109,0.3744402366118944
5752,0.4610533829027499
19378,0.5032882741754767
4406,0.4276138873022612
33379,0.35386431903005233
13123,0.3346681138035222
62460,0.5567671143295673
18548,0.1893378282407782
18581,0.41208290751862786
23497,0.4165695769892917
32827,0.5147445447270503
17212,0.333109765531489
37245,0.206964293237802
49950,0.39375966065739365
36605,0.8324275340934256
4832,0.6356192530841618
50042,0.9997944237303382
18351,0.6856990921748616
33606,0.14064645269822143
45884,0.5663991536246044
36472,0.35623448742140956
5257,0.29599784809561686
11777,0.1844957703396939
58963,0.22432883055325709
48075,0.24670198377340888
51157,0.4387146746406075
32977,0.647531146101626
51544,0.6930405839895653
55549,0.2786242637857065
54941,0.5056013786932174
14431,0.9997654519663168
29740,0.6236862327929289
40734,0.4120902579219753
11620,0.7325894840302843
60807,0.9006607914741103
58296,0.1217743945268209
53062,0.5610628153255317
52904,0.5842611607942283
10126,0.3404905088292847
15850,0.4529111970298075
64395,0.18065966061950994
62449,0.6720897297012938
32306,0.4198171719500091
30993,0.468358417286707
8526,0.30326859416887564
45504,0.45754870661472885
19032,0.3975863854259248
9312,0.3759600192355634
61156,0.32986104126400806
58951,0.45469640584953225
16734,0.4621144058737366
52246,0.461912235506483
30020,0.49637410456281955
60922,0.7107405448863067
56830,0.29978539244860086
3400,0.5694446808792402
20767,0.32586645442701495
28107,0.7429231436286187
60850,0.06494436137641088
11637,0.6574772932496771
910,0.3870465314025895
2359,0.636601526547694
31389,0.41481713974269957
10864,0.5066957737597958
64322,0.45019733618269564
40079,0.7891492788880583
20179,0.8062089393157652
61980,0.5960853751198081
1526,0.41762445339789883
40826,0.2778392425779193
24910,0.3462054789624999
53522,0.4966210860147531
18206,0.22237779940472538
22792,0.3944719478706721
55710,0.559923304749549
24314,0.2987776178342504
6143,0.23380980301709028
50088,0.5740814161865461
16706,0.41508763528201137
21056,0.7160180257036018
33235,0.3678930546148867
12923,0.475570973021131
17405,0.17442650204502363
19830,0.5052613767848352
56155,0.5338296515899809
15240,0.1903791225803177
13707,0.3299168561444091
2595,0.31801711523576814
24306,0.12275967915186102
26397,0.36218127902948366
30215,0.5767715204352118
24558,0.12521319020760605
6817,0.46744451392957126
51937,0.7476649981625068
35821,0.31005288149304905
64088,0.6787997990132423
3134,0.2616939810887183
60813,0.2690997884891213
16435,0.5265305882556223
29870,0.4735500084831595
38985,0.28804007627564565
41424,0.32148934527335354
60099,0.3539365395762828
55687,0.10774369304570627
1003,0.6000376659837434
13068,0.3187859679738515
9022,0.6450058552240031
39650,0.22585517341504427
30196,0.2410333397333862
30977,0.3712516348765924
55459,0.38563282993981157
36275,0.5604398649400611
9300,0.4399247094763485
42161,0.6156261151955469
26208,0.5503713574295035
10203,0.37250062380536575
49897,0.40842927516706623
55802,0.5253773448969078
63033,0.392906597992213
47040,0.525908436195102
54953,0.8283496438043952
29602,0.4416208811476145
36433,0.32650804613967527
17265,0.32988584416608957
4760,0.3833187583939279
34466,0.480708607900268
32393,0.21833623951137718
62872,0.42286723906501866
13253,0.23786775975491242
51565,0.5444594371279792
47849,0.31301412524201305
15765,0.4549345846547726
9787,0.3825858698510523
41177,0.6878560592747249
34261,0.310415461769221
33391,0.4740066058214658
30894,0.45199762887946704
5646,0.49595764486574045
53685,0.7851700068693643
18705,0.29880849402238047
55586,0.6880353417665709
57252,0.4822652602504349
62632,0.27103127903685204
38746,0.9997021622470704
50148,0.521969371674678
27342,0.14864921031450662
2161,0.42346417996381747
53196,0.599172079786147
57116,0.2784671961084801
43216,0.4052347135475399
13861,0.4404859529279731
15646,0.30387832703096157
57276,0.6064345133995221
21188,0.576255750072809
24111,0.05305387906588533
58336,0.247148899897069
57277,0.5452261025828744
40993,0.27391492791426314
5504,0.23143325956758393
41556,0.5226017056876447
56939,0.25756196966491707
43412,0.44242078934585044
16660,0.6546496715845512
59914,0.39933914700241113
83,0.35446318281491307
5706,0.12126071186504317
27365,0.36067174304295635
14610,0.42960901642248145
55062,0.3611546082786557
50654,0.3924825679223479
56801,0.4420322647061686
8249,0.4854186350874335
56817,0.03113919769789389
38730,0.18404083729122683
46116,0.39571939882070156
45523,0.6772681736752012
5203,0.21401906844201202
31487,0.8576822614862728
17097,0.22576819034405218
57679,0.39568663708435586
6107,0.5054429189124131
21892,0.6969896807611428
64296,0.3307387967425471
8329,0.49479734967262523
4451,0.29940875582223936
11771,0.40976377004106956
1010,0.5731480770495746
60649,0.20351400690014107
3128,0.38055574672767034
51093,0.9998071295543607
23213,0.41716600609836846
50890,0.4317642154224986
54744,0.4974236994685073
13008,0.3421043584058271
62630,0.5093002082427568
46288,0.47131660085967814
30430,0.4626468270964025
63183,0.22665153128784027
23008,0.4819239422562164
1169,0.3527862330884685
6721,0.2534040990801444
36493,0.5912334930174274
49429,0.9998779554224979
25627,0.11386336207918081
28470,0.4739914201754853
16007,0.7967380232818279
20720,0.45249773438182594
62704,0.31270115919322683
38802,0.5142950179388173
30149,0.8087496191676229
7307,0.7340383827024974
35347,0.5886364011629583
57013,0.38122184781732343
25543,0.3585571972364906
63645,0.5258669469502385
16335,0.39071404451318
34117,0.15725973993358552
45159,0.3009916718358952
40879,0.30528548352243046
24812,0.2730054935110285
41815,0.4172465369765615
17360,0.3019434389431731
26587,0.8397031497065733
40984,0.6380389079729742
11331,0.404424952659773
18658,0.6642396320164525
32152,0.7204796973233142
56607,0.4413448021776984
44252,0.45347399169451585
62469,0.46658884920568267
34897,0.46698122951061344
3467,0.5559868295708269
45101,0.3608213336720066
5232,0.2321765879613317
35381,0.18067085063769986
25768,0.6156791897282953
13667,0.3698948814238777
35409,0.6530150985536322
62864,0.41607855151864703
2295,0.42033933272187896
38419,0.7115766330752183
33298,0.9995942184670876
7781,0.36884528272716555
43454,0.4687095459287471
23306,0.7012821389538569
7171,0.8079092402688945
3002,0.4633046469196432
2137,0.2524267449981124
60147,0.3533701945632262
10381,0.21009579739957052
44222,0.5895274124493164
12054,0.3456809303523164
50214,0.6538394272875564
28705,0.636605415110247
60086,0.32749493361803816
46118,0.38400357246522726
23243,0.5924973625299584
54001,0.4955187516645511
46062,0.37602013259670664
17002,0.5580994699182689
59264,0.5787318648129773
20886,0.4503862779422106
46135,0.40144231070170056
12274,0.19788350917253408
9008,0.6375985528056488
62602,0.3432027654888928
12611,0.552029801384152
22636,0.27535579881825073
27445,0.16037038103227277
18981,0.2837551912292552
49819,0.6465888662316707
34292,0.28879638246723294
25276,0.2220909390129626
49374,0.4018514608810932
23816,0.5600569129563284
12448,0.20479908862751584
18169,0.4519049820330031
35073,0.658341785305263
58064,0.4125671130344148
13862,0.5462094905424254
51259,0.42067322724477485
48157,0.23181926569081698
64893,0.21629719739680942
58860,0.7051296866747518
49271,0.5653507964025322
56491,0.37228572639833374
43476,0.34428786317327637
41322,0.11841017147785445
43346,0.8422865627863078
31099,0.7051801646970898
23392,0.18075697142664876
64571,0.5421147497029295
37388,0.5738624923709266
5090,0.467384186114189
15693,0.35758788222473853
59265,0.7553610270353116
14479,0.16535552375068835
30325,0.5718004442038999
4651,0.6706527431839134
60328,0.2627418390708312
4627,0.47546808866419504
3531,0.1865414970220173
26193,0.6665849979195645
43936,0.5949196072743023
44253,0.604212262728895
38474,0.18490007964326804
14158,0.3652691724097751
8708,0.1626465955754706
29810,0.320268018837586
60837,0.30386547158978516
37310,0.49336886171550415
51491,0.46501321075971197
12758,0.43303790691405547
34654,0.6037083907939512
35075,0.44744370719378884
40655,0.8733161713891335
48300,0.3154999935084868
2600,0.21563587302071796
59231,0.7909890971186859
11155,0.5459282830375142
29019,0.05476607495951682
53106,0.29030721151005845
47915,0.48079542772689926
2354,0.35378556359899227
4409,0.4439039722649482
60382,0.7038162999878999
31653,0.23135670737875924
10828,0.5925599814684072
16621,0.41116197775409014
2896,0.47784854577417385
33903,0.28228053110592605
54416,0.6548849141909153
23419,0.31474463555549376
53799,0.562450116047333
20407,0.22044409128964926
44299,0.6358579713428927
9480,0.4079521128424083
47343,0.18469994517040889
12689,0.2905697123512961
47246,0.11485784309302677
20560,0.468611619995056
8739,0.2118468091233125
36959,0.75449360496285
52257,0.6239201473571998
8414,0.19052969324782368
13320,0.15304441925076834
52970,0.3671358336610831
7871,0.41173755582796734
33626,0.10883799119459137
44294,0.9996923760440087
39461,0.4596389104420485
10377,0.42626644560588944
19560,0.4666868112175521
9985,0.5478695386738739
50370,0.29038580997237495
46779,0.587953771327506
43625,0.4472621270849775
39819,0.3962516556243597
7210,0.6841102010226903
15944,0.1263021437242317
17110,0.29285217540777536
35675,0.3152121167548609
26707,0.6687608332505027
37442,0.4438493092113173
19813,0.811790617793556
6608,0.3104652036334602
16595,0.2581519031218152
8218,0.45572083468145735
37914,0.6882247195917925
22310,0.8284246356431461
55844,0.247960798375234
25160,0.550972314888289
45619,0.3569237084201324
49947,0.9998316888689858
48460,0.291675296045452
53028,0.5656594546127209
60332,0.36274356197070623
23098,0.47977300516455884
4801,0.32212205105777997
64787,0.06215393247025316
12307,0.6343685230154953
13756,0.12611294188646271
45025,0.37716326466877853
30562,0.5993606326919413
63306,0.5858629057663791
43391,0.4216901920825784
12706,0.2940511891382055
64678,0.193938076103369
18740,0.22450097996061494
30929,0.2847369142992326
44192,0.5095886823807511
51154,0.6856464964984487
59020,0.48696844681378326
24024,0.4037492071400016
62164,0.5734342349276194
23472,0.29604159031859406
16527,0.5575303692726506
35224,0.5308480821291892
27102,0.5953894084552603
9704,0.3433891158162601
41175,0.24250754806463187
4215,0.36296971480888957
7722,0.410623781603155
36001,0.3639597107734588
23198,0.4565203372446368
55237,0.4309851345194604
31957,0.5979314699680792
6907,0.09273594548957093
5917,0.6521105219847344
56473,0.5972308414043717
40344,0.5157124316525544
26035,0.38440737289264976
40616,0.999957458073233
4484,0.5267954468256614
26206,0.1168301575747847
50646,0.5175584268772446
19159,0.6490229053010921
31867,0.13332633649715098
52343,0.33564842111614535
10329,0.16217792540467163
41946,0.2294382840032074
64463,0.6299026459977252
61073,0.5505322559333822
14229,0.3579274474049697
60543,0.6326743219402795
19783,0.452981809460049
17412,0.20694443705801044
54163,0.6883053306976434
24740,0.44865832267454203
2340,0.3360284471233792
21350,0.2335034314204919
38973,0.8363943852446866
32898,0.29886567648747775
28252,0.36110053345394844
23013,0.28945831275453243
16148,0.22743634777681992
21817,0.2760148761058252
3278,0.7608776809829337
17914,0.53699642885906
4116,0.7430310090439677
21766,0.2851169908864851
35209,0.43161316304677444
29331,0.38141211994910046
28054,0.3246971552218204
35173,0.7284274810448547
3864,0.6186471722124142
35368,0.37398096000479253
54835,0.45364998447861543
43796,0.3301104375638061
9714,0.526042757007682
12212,0.29249233451171786
41500,0.9998266834039983
20984,0.7531388358523002
17225,0.24164648810355507
42029,0.7223603044394711
59014,0.5922893083486844
26171,0.34298481877266124
15991,0.39876419415342584
52444,0.6320935662739016
48073,0.5180965259443194
50750,0.47527593446872224
49564,0.3232507262357047
11477,0.21312096318839133
36178,0.7248353103446491
9978,0.2510513689828782
23503,0.9995773375609996
15530,0.3943841372421968
20066,0.48192985854275733
51202,0.1719825421086893
46105,0.5073377183235815
30972,0.461198070335359
1558,0.3903654918764985
47315,0.3561673707864913
2324,0.1306559856127342
49773,0.5649086501209918
6784,0.3710415921006296
6993,0.2751498686303694
29665,0.6449139419550355
36706,0.3984425706425132
64826,0.6702279977940839
28159,0.4391105091069131
56490,0.4709479132642476
60114,0.6678988508248114
10836,0.37190945447842827
45939,0.10703745846254271
5216,0.6120731507963384
1626,0.9996933236466691
61526,0.05520528007271549
23515,0.28811570095048333
1635,0.6996000840377236
46837,0.17888287647884488
40291,0.3843885055094176
29906,0.26907662477197625
48829,0.577402410454923
5184,0.5993119975736337
40385,0.7640204422785641
47472,0.47858780306369036
43719,0.5582967059138905
9489,0.1754114281329731
56828,0.18466007748224075
46051,0.23009965713668695
15545,0.3415336750094836
8910,0.6060738406276797
11386,0.5419474341968697
48386,0.7418880005345725
27089,0.43039496589554577
13370,0.8581309770485963
23612,0.6757088397323217
13014,0.8555918404547664
53257,0.37915256776329126
19724,0.20096867065659355
15051,0.5124845561201755
91,0.6284592337110404
26915,0.7355005058698924
61489,0.37570736073473177
26986,0.2978832342233804
34028,0.2877251242925062
46158,0.2671903572399748
54807,0.33820408629599635
45270,0.3783476351636082
19842,0.18789010388456398
47741,0.49011623570538426
27201,0.3661599553954656
58485,0.5477338830227022
46199,0.1555338697779282
60934,0.6074126284212706
37737,0.6537703980502876
8834,0.7190140148845638
41125,0.6498668599157387
21232,0.8088485465243695
64004,0.17705257088601692
37498,0.41556456021964994
14585,0.45631575044666384
30221,0.5293818291563703
28331,0.44942770399311865
48876,0.3824426234751122
10937,0.6237005144435177
59299,0.37029358730076
20637,0.18077895071519873
24859,0.8071463406715016
36809,0.2119821771138279
29356,0.19862524188329364
62904,0.42944869684208226
18177,0.531132609503048
3825,0.6583034987460522
50804,0.709597309156551
3964,0.3102335543855734
35044,0.2524209080309604
39216,0.4330650658727762
55146,0.2899995441596524
49163,0.2002450767175406
12463,0.28672330020594433
44792,0.28973820052789584
48429,0.6846599602844339
31158,0.45130277202959795
791,0.4241585164167218
1449,0.39865264819597873
19271,0.3911304136613851
23365,0.8038850561158472
14974,0.34266556435250095
52350,0.3261843238578502
33743,0.5573719451617278
54342,0.28242753858815706
28782,0.3216363371372902
4347,0.5552864957273589
64733,0.4809836492098806
61658,0.37219454376839795
27444,0.6540903942829739
51318,0.5516374022524034
36645,0.4659533795346364
14218,0.4520081611800829
38647,0.6376653803583413
46889,0.3276005253663897
62874,0.4311161977654013
38225,0.999920888627121
38785,0.2920429166605496
23167,0.7239062090011489
2822,0.1576712865832771
3863,0.9999265953712502
23425,0.3586381725626659
35783,0.5270807939845037
63374,0.3229676307514437
5573,0.23819965791730796
52943,0.9037630035187648
12157,0.3083701707626602
4468,0.4902603747787806
51278,0.7968220209063503
2693,0.43007442868592577
25390,0.204938662904663
21972,0.5574123199377866
2400,0.4844356189466281
2806,0.42936622782987993
18654,0.4909935123403223
27195,0.5898086018033172
22865,0.5873868836800019
55748,0.47436496692463703
30188,0.17885683861664717
22948,0.5474282222590252
30769,0.5831763691012875
18050,0.4891624839610978
1191,0.258965018528884
29746,0.6018229043713986
20764,0.22889186493460534
14636,0.5334284432715239
4098,0.1438826361723254
50653,0.7209272090891725
58034,0.16910859617854426
60500,0.27371321140742655
53586,0.46807516009530004
19690,0.1709976290712002
43203,0.6627653847453608
56654,0.4077459839920191
53184,0.4807552649353075
46198,0.22049630364501838
31217,0.49025059458705467
4423,0.4831687158330671
52291,0.35027439155678997
3565,0.4614465982944582
16667,0.37398415758373915
28563,0.27998138250039983
59069,0.18781604306980001
43265,0.6235404993786544
28398,0.37672914220488457
17921,0.396803145184084
20939,0.7916257901048713
9883,0.3912514700922904
40324,0.5735172832388443
47430,0.3244393303846301
832,0.5213513018115506
58197,0.41605310612806523
40182,0.39931118324784753
2074,0.3059747594364366
10954,0.24399854602519513
37322,0.2272183584345283
29175,0.42787359622129983
51967,0.43160522885219577
27198,0.586666422921053
12162,0.4404062274358298
22395,0.30589176565507004
54375,0.6727837256487451
31864,0.32515995741788367
8264,0.21789609804457294
52359,0.30775282094124284
52418,0.7647185433653876
34144,0.15534124275391828
6686,0.4614062723748022
549,0.36387356312284475
18033,0.3205573495042578
43794,0.22956837663750365
18976,0.35846915399136614
42130,0.7609665173659509
20572,0.3647023220402629
28877,0.3525629906000675
52935,0.7302686314660514
59455,0.41554708987363326
11750,0.2917043432171544
37844,0.7500644369245754
13353,0.3485104752626799
5435,0.2603948892056053
5523,0.27267414749830654
13501,0.5244817583038537
53127,0.5066636275651684
5759,0.5441275850425135
52194,0.6159910205294874
36596,0.6653189409467994
7760,0.4359418198610079
3923,0.23461408040118256
25103,0.6135613189201277
28671,0.7065926199995668
5634,0.09650647773523616
43421,0.3235588598528675
82,0.18817251530929596
56923,0.4908869907099157
36141,0.24727326200204625
4513,0.4741389778203693
63415,0.5042522341810033
12600,0.2617330607432681
19174,0.6784960051457991
28296,0.45771107266163014
36370,0.2288887180245126
46277,0.16230285562490646
42057,0.4616494633164789
40693,0.4626508573138631
9558,0.31822308468425786
12961,0.6491924722053883
61432,0.3274611985801547
44548,0.44573183262737326
38048,0.36566196111049887
30436,0.18981912437630805
18385,0.7455634322566828
11553,0.3992391257589647
16443,0.611947955643413
27899,0.5573071190448521
7873,0.6565999408666775
21963,0.22110257352847684
19618,0.25486022812913744
13812,0.2590039272036087
60941,0.14166806948292643
63676,0.40928327824175925
39648,0.46189702817073214
8354,0.5643955103018169
23910,0.3687623032652948
43605,0.21425599166769413
22427,0.2680000040364078
20892,0.748272931124832
25915,0.32900503319950325
40224,0.5785624398000699
13652,0.18551523529009162
266,0.17890579744118434
34367,0.23124677553748113
44200,0.4822583860341783
57832,0.39835001848267665
13203,0.5347067103329133
43959,0.9998426216535922
54916,0.41313496924381127
14420,0.16866194798483383
15107,0.39423018214391015
56098,0.6910944221682235
49996,0.693213085760242
59660,0.4421071763317775
1218,0.5469044359102547
33271,0.5593314570427947
15655,0.4722059832496452
63944,0.2581463103803157
21670,0.3867176892809605
45727,0.5318702196922097
45123,0.366528718528211
8251,0.3602911837682696
55442,0.42675826961946334
27362,0.3676357946028015
25329,0.5135995882655541
50430,0.2453538497507031
58037,0.5195924913730953
35285,0.42864633260540913
46888,0.21815398946610984
44566,0.18531021701614792
33804,0.35438114086693334
56920,0.22828072645466896
16839,0.9999410113834235
31296,0.7816114624217958
1864,0.5937643845680413
31900,0.4719975811831842
41228,0.4960787177669457
41842,0.3426684651617397
63983,0.6909343688703746
10860,0.5804714658793052
13749,0.5645534857045861
28138,0.10144887660329355
36735,0.4182750540310395
53267,0.4369790466117892
3709,0.28665843144550474
42699,0.847266238476767
26554,0.3552796338699157
64737,0.6218812937848964
6547,0.46231263512865406
31017,0.5023942158921576
37112,0.5659383905279627
6303,0.2104019603009433
7953,0.6862463534805144
18749,0.5958451669234368
49728,0.3712585184331842
46595,0.9997171824133372
48212,0.5035566324816284
28335,0.2978738751265997
62292,0.3477079931521835
42937,0.39686484657053644
9982,0.21346764284451455
40801,0.5749097127048548
3217,0.35598494559102883
54336,0.6533437862030049
20920,0.5829968590961718
64021,0.4170794140469375
38778,0.6901289292629949
3378,0.4883066027847196
42918,0.610647485847624
30162,0.4023865544300963
51431,0.5124116331592368
56136,0.16396542987918156
40106,0.4006599253126141
8298,0.2723600720124085
47082,0.7029111467818729
24136,0.1603652045151454
10820,0.23868168564354145
30574,0.32782088428590933
55327,0.6160731032106902
42260,0.2858843294768323
58323,0.4553949410927052
574,0.2551752220306149
64705,0.23005278900039985
55993,0.6568635580048328
20709,0.7792151790023576
4310,0.3020119472760212
58858,0.3682475145495296
41811,0.18330940800723078
12684,0.6057455300365596
55150,0.6863445926339689
7614,0.1377342695131676
57736,0.30637126882550775
62683,0.23002882775992886
27227,0.27445260338937927
52646,0.11050043223621886
48939,0.15731881531621722
16538,0.6511709086941184
8330,0.22969624992819715
38359,0.5425470812581128
4701,0.2522584642408442
6633,0.28097440702373594
5915,0.7252703688041915
32477,0.35585038969467636
3834,0.3952701680621725
3916,0.5965293166060286
1334,0.5738718428401626
20323,0.3937152706879756
1986,0.5130166032096417
38795,0.47515823666954043
9290,0.5959847404336925
9473,0.478098045431432
46380,0.3998513577339414
7763,0.5291582258407385
63292,0.419102436637909
3824,0.34700614742797786
52988,0.34858204103416157
15720,0.7668359334531872
6455,0.41249290921639864
39082,0.45260903919000384
36456,0.5730215989763314
16725,0.6492041394050706
53631,0.6976625952300471
47309,0.43604993722478524
14068,0.393376514863147
49967,0.30586705569979195
60345,0.4913838189057529
52219,0.4845242469567087
62247,0.41790003553727884
32730,0.3949575340514855
42649,0.3341401609560337
57141,0.36192881074232297
26121,0.38303942151470805
37961,0.5000550183310591
4748,0.509081599066598
35170,0.7273053060166789
32321,0.4679881541070474
25027,0.27974929361498085
58762,0.39594630905704603
30854,0.5305544528775683
29480,0.40127999819281984
30500,0.3972039905035673
15138,0.3241655042060978
16768,0.5688502357836959
21425,0.16937942741476467
2492,0.33585439539400286
19231,0.4177257579207825
27294,0.4325686413739202
44291,0.22249291341234628
53369,0.3897609061478598
29387,0.1708265400540226
59701,0.15753899153329415
59860,0.6733514248298232
19942,0.5489171383436652
32957,0.7435744427577956
8027,0.48224227836286254
9340,0.7221136626101677
1318,0.4198160505361727
32590,0.33999954109048625
39318,0.6200886521495428
54112,0.536882775235635
62783,0.38111576250413665
29285,0.17143433116092582
38744,0.44528968129355795
36002,0.12461352767310027
44692,0.7021443751161649
19656,0.9997403426826104
27855,0.3969198274594511
57613,0.20364736966538483
13547,0.9999194630188301
49772,0.6096564777743352
19267,0.07733093849016495
50661,0.2298986169120904
21643,0.3530973568359518
28654,0.5953638849606429
27229,0.2162734061824686
30835,0.8412058839445933
12975,0.6868401642213274
59218,0.48976784566573983
47931,0.4372909341310262
30350,0.5460829125693256
62119,0.26691006977113285
33780,0.6077110230558314
27182,0.466416901841721
46776,0.4175406945628086
4741,0.785485264788702
41172,0.14467200254006152
878,0.5971833225975135
26606,0.7472564987780885
15404,0.41322654525662195
11700,0.4425109405244023
50848,0.5722349901353379
35855,0.41210514286977723
3003,0.3442022216917571
24202,0.3012498490123898
22081,0.6682090833329084
29975,0.6619814057147513
19063,0.7844889797956557
53848,0.2826346707820154
52096,0.24227364654696243
46531,0.5975752973506542
39484,0.4856387115789664
34252,0.35165683215950644
48817,0.3993312786960315
13126,0.46795781499066696
50379,0.6086711176850993
48919,0.8683980168669094
49105,0.5594506143567484
12074,0.10740341857686574
41474,0.07597843268104304
35344,0.3652967766329568
10765,0.5307836959232606
31104,0.9996646297594687
403,0.3193747672084646
25885,0.4162840177426762
46171,0.40891249644476235
33052,0.37522126432574027
20816,0.4486677995063728
37347,0.5526375587548206
38232,0.6667638566780762
40088,0.5257850016719999
56513,0.21761688381888072
53593,0.6192209911087063
21686,0.44539554377680424
49456,0.5583016698946822
54156,0.4272534532050377
16913,0.41039878389315565
63120,0.7149616608486926
45802,0.7406191747686819
1238,0.17947262706796302
34401,0.16154486965087403
8563,0.26582110422084226
2554,0.22968455353714692
57638,0.5627007484241281
61638,0.2711859375049097
2781,0.2223110347973025
24593,0.27885848565594695
27594,0.6234461220413091
49469,0.1641046721579618
35521,0.6445025068049447
40383,0.7779517249194121
25473,0.6037920923784104
64807,0.3387213529916423
15505,0.1471303032615095
12146,0.7093708668656447
6498,0.4793981153769104
538,0.44959528975152396
4943,0.31953490821905395
27194,0.4513011572242405
26820,0.6343633679085301
39822,0.13119237887596535
3244,0.40084907143362675
55205,0.3987530666476068
49059,0.2089854608872385
54810,0.46531869222546457
53398,0.19255010727930325
36417,0.34390027075029217
28800,0.19974425302034352
9983,0.4018433564450455
62722,0.3679410164022843
11249,0.4734771148080608
15141,0.46503727308688114
45857,0.46303650180710093
22754,0.6169622387946837
10724,0.28182264240826044
31729,0.4226735597984174
20917,0.25039633512916054
24541,0.524487333493435
58655,0.34793147922427303
34498,0.2930742528093286
6432,0.29571490912300163
23904,0.6043557511303145
17770,0.5683495817327309
54414,0.6063435949925957
39958,0.5697756872846742
64382,0.2853473859422426
48959,0.7824700462407492
49659,0.17549492822437776
3968,0.38045088356126827
24581,0.724935551968946
8787,0.26839074104629346
8123,0.5076147076394051
39610,0.12428873664002209
39694,0.25889540955322465
49749,0.3565341819387043
1370,0.7277630484922833
5696,0.7516590944217909
43774,0.4414900526495079
13813,0.15251263455820052
31089,0.3399022332568731
37920,0.46434204379802124
18819,0.2992602377303641
26983,0.6328339681066594
5702,0.7434822361387844
694,0.4086680055911629
21016,0.40904858598201577
2290,0.2981555094893327
28121,0.21337740199875557
59953,0.5566170887622904
51213,0.24763382564653508
35753,0.9998517828727745
60268,0.3304857417605043
55925,0.4198087448303726
10743,0.18091228703446932
50867,0.4024083348547977
27869,0.2815785442661737
59578,0.3124954340697694
8212,0.6708198245768782
56764,0.38067822708228005
21998,0.3371684455940103
9294,0.20276196845154756
36107,0.5914027534368526
43276,0.6972380540168547
29578,0.32122374366466055
49217,0.43950758772007964
29788,0.31243798221418667
47198,0.41546863682578733
24103,0.7825702601505523
43023,0.441056837368762
35981,0.3790477680930312
40017,0.6236994273692211
59731,0.09926445227960407
26110,0.999773373246929
60889,0.34025037965873933
29664,0.2903273180590973
46225,0.3934194750565221
57179,0.7920284322233591
6210,0.31972419169014993
20300,0.6368417344049914
39662,0.45961398910703527
5655,0.6622250223711262
33457,0.4438232205677872
47314,0.500722906292456
29077,0.6488648642655948
57923,0.5253236843834262
13778,0.6765158734056989
41395,0.3544470241549534
43679,0.37625919066631097
1826,0.4556985570166816
49571,0.5277108581037528
38431,0.535450436208733
35852,0.2704339344172079
20031,0.25778308063874916
46305,0.6473473292556613
59238,0.8546827081997493
48682,0.6278692549760122
24119,0.4635878762569452
59819,0.4338412491486036
46820,0.5520857464022967
39298,0.3158533222023371
33158,0.04826158816319767
62519,0.36791938088024273
59155,0.455525009188707
61295,0.6683216279956866
61641,0.4100802985033495
30145,0.5488781103444822
15273,0.16096746478600954
20027,0.24168695873884993
50809,0.31448258076396185
45221,0.47569833101291226
61741,0.5356261981533136
907,0.3907778506200362
24183,0.2951624778172712
3368,0.38907303864355985
53210,0.48506414751541505
54642,0.3685780258106466
14196,0.3889956145882267
2561,0.11137728401834268
32934,0.32380074628991495
21586,0.23197538936902445
52932,0.4747248576860738
6860,0.5430037931441583
11439,0.5956263244965854
28985,0.21487723539723427
11418,0.32340716541983566
3423,0.6734481500311512
33073,0.25801381395891737
48355,0.3924929239993686
15052,0.1908783278399024
57930,0.16092078681927566
27423,0.6996577056982168
61932,0.616847349590078
21149,0.4596053427610754
47097,0.17493544956177573
12688,0.5055850276421484
41200,0.18015817568122586
42288,0.41174240274142704
48329,0.6746514734330117
23547,0.22531674268727508
21893,0.623374104169921
46564,0.21801504090368368
60990,0.3350860406564764
40702,0.631495316286807
38024,0.39983584773278363
37448,0.5354932053533867
43319,0.37984681952911753
9772,0.39597029471775147
24167,0.41552358012861873
48973,0.15410672852960583
54324,0.40681404916042113
934,0.20401896454456225
27161,0.503407965179412
39547,0.48189227694085923
12056,0.52348509942205
30200,0.19778582716858814
45376,0.31549735323738987
38916,0.7922885377278823
56714,0.4815153651972977
38049,0.3183985796173333
45052,0.2591620836436337
17993,0.17259900711290413
1727,0.3146923179560252
23703,0.3453445533951364
49777,0.3134124956715483
3772,0.2768893351981304
32904,0.4052615563224714
8852,0.7234024658709846
24970,0.27729285198650067
16193,0.36613329015632273
2422,0.5642769539699741
64999,0.38659697822065436
21936,0.5322303728652621
15730,0.5929918598770583
31333,0.24178951880631377
15225,0.4663534760112944
33211,0.7754248544713523
45757,0.3138191964300758
62343,0.36631448101829855
16352,0.5361794337434728
51257,0.5267718458602507
31098,0.5038263088166729
26918,0.40742247303423385
40578,0.537441588316329
41341,0.7861008691745875
59371,0.8093148497813099
19793,0.5870140550188108
33751,0.23452370100665443
61702,0.5211154159766728
44651,0.5110744822716624
35103,0.3397207924400236
28216,0.6118991248469433
16565,0.4531091588659083
58570,0.2692244294739831
56913,0.5649219282926347
41130,0.5479179052606566
55246,0.35535423605112965
42683,0.42114030829028165
10890,0.11817434362105121
19846,0.32962865582117945
35609,0.5431800074800678
26422,0.38229241743451553
36833,0.36163015354397415
48347,0.3887218939949802
33219,0.5685829055563175
30361,0.5716970894430401
12215,0.2908770330628245
60760,0.4422813245465237
27261,0.4492674425982777
27973,0.3930387615557791
57810,0.9997204422498825
22191,0.6565240343063192
60601,0.42274880788574887
34877,0.5865019509948268
34004,0.21662110860339862
4649,0.2508475015908682
27652,0.5250652935874804
27936,0.5153545459247629
20369,0.5091800881523832
13647,0.605000273433305
52084,0.7953073235592276
52721,0.49419548773317895
16587,0.4773114210590741
59682,0.5994249366832253
15597,0.7739001130612586
63030,0.21770527911497603
12858,0.22475441429975174
45653,0.3995210989602918
33510,0.4572092460508673
17499,0.4777362821274008
5314,0.7827362022591074
174,0.38794675215216495
28163,0.4456259027083345
52098,0.45249825024336054
60966,0.5840932191686554
22622,0.3318850619440117
36063,0.4449005486499072
10282,0.46794083880708087
33409,0.3500572876960263
24105,0.47093933597093063
60679,0.3599377854460386
33233,0.628841263180869
43315,0.4828574267961293
11463,0.3338059314292219
6668,0.5699911962096957
32761,0.4367867669416404
48196,0.284120260277921
64139,0.5188143471521832
16746,0.7193917848357948
32605,0.30225452560900556
20007,0.3217506430998015
4004,0.3351167350056778
18436,0.2242726626988657
31062,0.592470732204363
8800,0.27851255482191895
17860,0.522630679051934
5589,0.29875387432384487
28199,0.4127507463393251
39108,0.8103157045290522
33729,0.23623866303441385
62624,0.574824251516014
59257,0.7915552481790227
35511,0.45832442501965254
33544,0.23478123895218264
28970,0.3525833689993569
37921,0.4216068351432144
55876,0.6430225648470593
2820,0.5841730734633891
10028,0.5445044654110043
19367,0.26701398947228644
24141,0.5550037608414806
60074,0.22702876470879688
53880,0.29714109432187724
2893,0.5860999117433114
32672,0.5911842676988295
33922,0.32483279545788263
27438,0.7752881985515788
47241,0.28091763231939426
62657,0.15730085354650392
48603,0.47650800032515517
18145,0.35059818893716793
63776,0.6532920237893904
24385,0.4819930032454174
11433,0.3110996422876506
16094,0.7282641570733552
42690,0.5274802203817825
14445,0.37894480196593155
20251,0.38676213089571126
52573,0.44507481835598883
23043,0.37146985826647866
30671,0.6052370393895244
62518,0.5430595030655088
24366,0.522656225344996
55300,0.21763941673971127
1313,0.4098154424158129
57589,0.44601127587898515
62322,0.6389968025766555
34495,0.5581170729530054
27602,0.6275861091011012
62950,0.35506569849288455
63674,0.2153699316563649
14228,0.1598161504796659
47811,0.3662556463423451
54445,0.7840097677380738
10485,0.2613777313859956
6516,0.756715743084044
55228,0.41474117842197394
15626,0.38508416428956216
57199,0.5843244975187435
17266,0.6799925496220639
11565,0.5705802369561217
39152,0.42201964772299816
4485,0.29026945755272254
59601,0.33272270838824963
32862,0.33305877520915966
31534,0.5041342120692175
23228,0.1486044415834073
45364,0.3615833598419376
51805,0.5507633245018153
59125,0.5401622709521385
4438,0.37413728338168795
6840,0.2898121252812583
52660,0.5723811638877896
48588,0.3782812381329187
17136,0.6548691180913553
2055,0.3511775356945462
27608,0.40714208044538125
31869,0.37718373416527645
63656,0.35329951505371693
55982,0.5138422864460412
53825,0.40802820542486035
63571,0.7891901468158483
25765,0.20649818610127216
40451,0.22548161273388687
34863,0.4347153437424136
56379,0.7773133523391111
42794,0.2659301386685964
22322,0.28603430570593535
27166,0.42152302910720263
42526,0.3877121198034282
46049,0.7754952520128628
53649,0.4423816437159414
58489,0.4332993391038538
57000,0.38668811646456164
34568,0.11614697760627823
58309,0.5688555107298521
44911,0.48362954339051173
15061,0.3176246209861028
14009,0.2946373007984791
57512,0.495801566751592
49022,0.4470579906179178
54639,0.37234200190132005
8396,0.3816982174807737
64795,0.4197526772376214
35599,0.24525041207306994
26797,0.28537285413860664
35825,0.21631110515678637
7941,0.9999206105397923
42366,0.5299064854268807
32638,0.7572357884701925
61322,0.34269204347913074
32113,0.5260881884754063
31298,0.4343936896493257
42143,0.1965070946427532
19272,0.5860350706428459
16606,0.224056230792714
18860,0.2653668625570011
21731,0.6684350427843092
61053,0.4180503451960335
39069,0.5346672556476495
28308,0.6646331194833918
42302,0.11541295563089105
58934,0.35204582196054357
28850,0.4107645830683779
59269,0.3243042880593795
9521,0.3536272942427253
60878,0.6553579064658507
39920,0.32460723156212357
23175,0.6015566307370038
23509,0.551991090598817
44155,0.2606080155829065
19112,0.3763099924126905
28777,0.3784341559523384
50429,0.4604666349986586
12796,0.43038653249953057
14606,0.591082185852814
11142,0.6943849649211998
20557,0.5979120193374938
51350,0.4173200590092551
30487,0.8562129129349916
33856,0.25747158026526745
60270,0.3360727991372426
36355,0.4892609781919992
28401,0.30345764965223343
25314,0.7864237575946195
36535,0.6076904245832935
7483,0.6004054978652136
40670,0.3151609252343462
10376,0.4323526113746569
20854,0.3751146074421808
25938,0.4262056556582038
31091,0.46518771551616417
16034,0.999813677178574
26337,0.46757102444558774
3937,0.4907676944839713
52336,0.4258932941697668
19115,0.27692954272663745
25209,0.29739301792396455
62491,0.5898036014488668
47081,0.45415535528959217
30448,0.4839944657494825
21301,0.5646133206041397
27477,0.31928526881917363
47150,0.35506623678025506
64836,0.15058092743292803
57569,0.22533280577843107
54037,0.2595302496404653
1776,0.4081769196922821
29829,0.365717984368516
25306,0.400783503514911
4817,0.35038349212534314
25353,0.16611584594322593
41020,0.3442692187627959
59381,0.39067743382179476
12179,0.4382869274152442
56348,0.6331180002931989
40346,0.26245626159101326
31495,0.568216559946071
38993,0.573733253555856
45815,0.4721123543520785
26584,0.8156013903522551
11679,0.15956665132974585
16476,0.24776945258681066
37355,0.5857109730033211
38346,0.316528173920503
45251,0.44743089778853945
11484,0.34755917290540306
24331,0.37313995883548884
37300,0.17284666294035467
3268,0.6146562981224875
2743,0.21857950828331635
46755,0.37525727508856893
38081,0.7332142716196973
21673,0.8008069575979014
25680,0.3895131130251042
13396,0.2620216842951389
22231,0.28855385605685474
5337,0.28303959404151424
57797,0.6711293121500309
43447,0.10596131422707883
57903,0.5471973108800554
3849,0.40930975861688423
232,0.2528971156978899
10709,0.4259192824199717
18176,0.20857366967876112
1811,0.41456588180236015
24825,0.18158028834147835
47352,0.45556059866679216
2664,0.2940869402152715
42901,0.21317958695015257
29069,0.22715274388914405
33084,0.32070917889805506
63874,0.07275078235984782
57096,0.2681426035955717
42511,0.32962822203278375
45514,0.5204924199927543
45334,0.49779537265470114
39534,0.5624429717957419
48160,0.5983854993691866
21282,0.49670560146135456
34052,0.22754620454716348
24370,0.5399228427169794
49295,0.45762095171542994
45562,0.173274033515456
43456,0.4001805723596332
17305,0.3882852450769812
36570,0.5407967404807328
43671,0.3453774501572238
24160,0.3593446667194017
49976,0.3589489863229452
58078,0.27262330187819833
26860,0.48642424794137146
61150,0.7644531620078319
45313,0.6059905600152424
38574,0.33403223922189745
24001,0.785702503630975
35790,0.4780289776301354
55074,0.45026162142682397
16600,0.5616093160242259
395,0.39823246890809033
18183,0.4971148102945163
60475,0.43492269088302093
60262,0.793028876630805
12736,0.362017864309523
25897,0.3237762607386723
32790,0.5736737866589701
29187,0.7096437372378684
35669,0.6716849854937198
55185,0.5458114202195405
3736,0.5659519738216947
29204,0.8273571086171053
46910,0.17477954036470597
36074,0.4326520420385105
19471,0.4665699989139492
31885,0.19642702302280013
58781,0.6382721940211017
13055,0.7015196403726156
21901,0.43439371778459973
61013,0.5014208844007397
30668,0.16992626744787345
30806,0.4791845702958308
37482,0.6415431181474055
61094,0.7585520676641976
29310,0.3835390216231621
55804,0.7605379234366623
46424,0.398350302912261
36923,0.6110865306127988
61672,0.14870371550628142
20967,0.999892532544297
51756,0.30050115562840846
62564,0.999932941407667
13162,0.7094946017818649
19350,0.2527963310219467
13566,0.7484726031189567
6535,0.30373653288658814
39590,0.3900512468809274
50702,0.5980400468428813
36390,0.3255723721935295
45682,0.3951413573704128
14783,0.4395531007461961
47287,0.5213913123674084
26243,0.5869487872146961
13379,0.15172195231364596
45719,0.44941103108086594
22678,0.4205226359833582
46949,0.6651518335752193
9484,0.34178092803894855
61445,0.3009903284921046
29188,0.640938129213789
2433,0.40355818888024386
40158,0.46437868583966174
28741,0.4953041913982591
56765,0.286752666350432
43355,0.6476139621744684
9988,0.3088459709363586
21770,0.6055386629957644
41908,0.28631646727964627
48510,0.36673101862213797
35693,0.4348232174894568
62008,0.29056755779070814
21807,0.3768153761021733
39172,0.7255727579882337
33195,0.36681363706314063
21824,0.727829090870084
15613,0.674856723856273
17554,0.4589094503998463
34270,0.1278834776871631
29560,0.1813002292711693
49703,0.4541989755832069
15295,0.6073304547186726
29466,0.09407723551047034
59990,0.7772043653679954
44370,0.4040340725556179
8456,0.5290200108151235
9188,0.642811362668418
46507,0.5518841039192992
50505,0.2958536436560434
3730,0.4286367097840769
35009,0.37062438126681957
33331,0.4493157719424964
32905,0.27502606136327834
55534,0.6487361953124917
60604,0.49690676894694136
18663,0.3736743404266928
36091,0.33775567682905266
52141,0.2940947448731585
62052,0.6949597466054035
14473,0.3803840020851472
44503,0.5592099409313988
24386,0.25873175875140225
25742,0.70811248528742
24084,0.6481632851814898
47893,0.21880961595862258
64372,0.34019143487672265
28210,0.2874988423418666
26245,0.3860773981295587
986,0.42827262110689135
2203,0.32783697655969485
2226,0.4419351660712984
42621,0.41346457338099574
29306,0.23039832055669024
58123,0.14591267142215328
34030,0.320008987591662
51303,0.35835380013960544
49766,0.5596198239719671
42609,0.7548314036988126
41315,0.29255755122477267
3076,0.7857813930168813
43603,0.4563097811231281
25073,0.5027631984850971
48385,0.1860118517427913
54833,0.6085226728217982
47436,0.45820181449020053
44672,0.6335527488558539
18201,0.4365113827625729
49677,0.6828652908131985
58110,0.6462886906415976
19719,0.4326496107941377
28099,0.3447564450447525
27107,0.49857445182293764
37134,0.6315786063856293
43187,0.9993133599495488
31947,0.13392974763264393
50110,0.4143408503002572
11772,0.29903364102944313
28981,0.10350279939019597
23895,0.28360428739471283
34230,0.29661635437149375
34051,0.2742389563468491
52950,0.37662271914014844
5697,0.22421994844352305
31959,0.2651302978436214
52579,0.1627145724569378
11924,0.07758876343255156
56983,0.3422487152097628
62725,0.60163259162048
4558,0.34014344167364186
19646,0.24991992759622453
38476,0.5686369376677294
8143,0.7130013940396646
15128,0.27776334209655634
27245,0.7874611785692351
23454,0.6379319125834421
64129,0.39981046222339
52305,0.28623679888303033
32826,0.5670158065237004
10960,0.10404815257325019
51677,0.27429058022900954
17995,0.3817940313584969
52422,0.6094266833926977
56950,0.6762775537021928
59401,0.3715996058943377
12470,0.665451637759303
45314,0.3748246407457968
45293,0.47237888732908306
43397,0.5084981023565196
43554,0.35400554829655156
64080,0.4985629392537245
44705,0.7652500393646002
48224,0.4003486899832859
64920,0.12741270590320752
10931,0.4432630758674656
48420,0.572237350511097
31135,0.4625675923232905
18149,0.15049955054302266
51830,0.4634334380263002
51660,0.2639330225783904
24608,0.6021960184444729
54111,0.5943689022263069
28370,0.3603570967184515
53372,0.1764518446523166
25166,0.16767161020927535
54526,0.5122870685214794
21033,0.18732767539881573
52102,0.22131228528954944
3210,0.8341311161936046
30453,0.9997883988405506
857,0.4633949311421799
61416,0.5165267409267551
27432,0.47545608219711316
63959,0.6201416055836751
41248,0.2848414117160999
3101,0.6125199346592402
14405,0.4153161430823395
33205,0.510338018301661
19743,0.5592524465769365
11773,0.4558172024389028
23836,0.3867706790282309
18932,0.45842820961917397
53964,0.25249918923949244
39327,0.7414698340066224
52471,0.20570160182205569
61194,0.08329238540244092
45582,0.432127383385079
52337,0.216288946007454
63253,0.4416774699076159
30036,0.6119998966739443
4822,0.7261339044438685
26625,0.3875956117005892
53046,0.40949562587117033
60949,0.467051959622001
40921,0.3596904566988242
930,0.46287287626110907
63361,0.2839889882477901
41502,0.4338840149935278
6655,0.5192665996018202
28604,0.26776954778684625
958,0.33454216187564834
39315,0.8011065106556289
179,0.00041772979011550794
54228,0.21291141970477698
23441,0.25453250103791353
25362,0.3134908142364383
43849,0.9998427998305751
41105,0.6187591760144774
18615,0.4122135955601809
5517,0.45387636712411816
48142,0.3820575162943817
16940,0.4855337155979787
58209,0.46614407878449665
26174,0.1286584332615011
48398,0.35377596741088024
1805,0.24480063572996824
43765,0.32507642221914745
35028,0.39474328709010353
56035,0.20049309254762016
10300,0.535050707876799
48556,0.3590873092348273
46019,0.8255174463912032
13998,0.46792178080930596
48987,0.4993274919290843
44169,0.7143550181900478
55786,0.12042629758253585
62577,0.6559746195179276
26387,0.7396475317537001
15024,0.367934248726086
24178,0.23291252938758586
11317,0.2944900053213632
9848,0.2557648989598882
33011,0.30535074168412907
3845,0.5590705430838563
32755,0.4850680275079986
34570,0.5962306478968162
5364,0.22639782409309317
58682,0.8903712337010176
50335,0.2782827061373322
23339,0.4151232234861616
4613,0.3978953902952978
2510,0.340083605027728
35889,0.21789699032207951
62977,0.21279347647318733
60314,0.29562754174811295
41407,0.1649692317349531
34217,0.20906153295237848
238,0.48767632707179953
37893,0.5592445188985949
42606,0.17396919389878893
44926,0.1028212285104014
2711,0.16540101451815875
47625,0.537489992437089
64639,0.1509117704393331
17040,0.23527099021718323
10726,0.20746279648839638
15577,0.1471409901938007
47683,0.21110798629548977
57521,0.5613659591381618
24996,0.2572175127507445
37873,0.9999520436234531
17943,0.3333970559214299
61259,0.48670520106361503
9370,0.732145492451779
23551,0.36533326540711525
39533,0.3425820092096415
40953,0.050334254525445724
8082,0.2825096216746162
25615,0.4824418600834205
56580,0.5090352850790654
676,0.550176379141812
16239,0.407544384375802
34522,0.5317388878489172
31268,0.6918876817448361
57772,0.5417437207398246
58449,0.4285859082913476
36353,0.5545926378559481
64153,0.23632437107868615
42080,0.37918832857238466
14264,0.7536414598467812
2526,0.41998326574975064
21496,0.5132878368877465
48095,0.2948204966898795
19590,0.568401367015311
35070,0.4208161452198304
61981,0.24224866318735025
17617,0.46930998985746497
479,0.25687724883865526
21167,0.5340425244121816
62377,0.5342985738271243
28702,0.9996232276421676
48529,0.33048392862841336
35135,0.46012498314343214
15355,0.41203037874410225
25989,0.33570828856626916
15510,0.48260568975114737
62351,0.3558564405292072
20382,0.28449063435987226
4892,0.25903673247697717
46553,0.06155515744028313
39236,0.31454848416024095
1813,0.3967977773513993
31221,0.44901490059653804
32357,0.38081165914190207
60742,0.14389395072857872
11475,0.5847904155222664
57649,0.4489221581564534
35376,0.4545023467514246
32909,0.5784930791801443
40389,0.4350765054738443
23470,0.23822831847682596
5839,0.49569796120205806
63907,0.3677409377898907
32431,0.3482292089553676
40950,0.30989043424927126
28929,0.6777053978904397
45702,0.47750027296394837
10606,0.9999316170483489
31690,0.49608052070989744
3788,0.37673601609226265
29607,0.34663048746763014
52588,0.3968170669454532
8839,0.49074071998282254
45665,0.32901734237139785
20394,0.5612417791993063
28151,0.48178164089082137
24020,0.28431856690377133
25074,0.18212971930067856
8712,0.5916574863607814
13561,0.2578622457045839
52598,0.18346596740953847
34277,0.45155718538404804
10963,0.24335885123578524
49361,0.33656133134516236
11945,0.4307977043347187
22495,0.0774936960459838
33302,0.36510322882320995
37866,0.704261791395311
13606,0.6363801783967233
63741,0.8851432078286701
2413,0.09318692070064816
28373,0.21106204438306428
36780,0.3189064002788404
34989,0.4285369595543941
40628,0.1571960926623377
23414,0.35346939701673236
50650,0.36228203518428276
50120,0.6143227226281054
14824,0.34171569498091614
35994,0.6207810855995903
1695,0.53315436438188
61173,0.2899863118260729
61409,0.6457652976130797
24610,0.36249130392319134
58281,0.7503903886608018
13308,0.3420869338570407
1746,0.23957596264636366
43903,0.4308899420927025
9077,0.717531472162952
43531,0.9998786008524515
49349,0.18469499811791773
48173,0.48392525091003674
9717,0.6553351613855062
63537,0.5517036401699046
34174,0.7983349590729205
60643,0.22932098958409414
55290,0.4965681357304599
60077,0.12349909271731187
18902,0.10389234091509744
37709,0.4354727458748235
41107,0.7723463692039403
27609,0.30364094566249006
56577,0.43269020107184997
51998,0.6296813648560987
30510,0.361340321179395
41077,0.13226022629347733
16718,0.7243396139160129
12500,0.4006228800837294
62263,0.40856766779814513
52971,0.3195327118267734
44264,0.18567145141880728
5117,0.7118055365156735
8465,0.13543999729946382
51327,0.3783944836842522
19995,0.14029126226509517
34880,0.38602756427596613
35650,0.2218458417780167
62144,0.4732242321225293
38316,0.3026431644794845
19479,0.19457365116009084
14814,0.45980759521945996
49214,0.48409855577466904
50033,0.45102227017361435
20628,0.5406672954083527
29542,0.27810482961563665
10540,0.3930902722458971
47524,0.380728242457099
1423,0.31562665507585685
56866,0.6006672028424999
27224,0.7860832046044738
1116,0.4144068054129348
38545,0.9999653226951946
3455,0.16973051280847487
34188,0.6657021984931342
13187,0.9998625709456148
23453,0.5763393694109854
24034,0.6455529526309263
49249,0.44849657637712725
46176,0.40871429566915557
33953,0.2824590656962453
5736,0.5135408971218373
57600,0.18365478799136925
31713,0.3433377173215299
54958,0.3870486413294304
48862,0.35282194584160714
25380,0.5159969496968992
59237,0.341376908323705
47907,0.5997649164905107
57389,0.5032097503492086
26527,0.6431594318289285
12765,0.32979875672343634
64744,0.22636633862662303
3187,0.439779159889773
42154,0.44299092554046593
25485,0.7821421040567723
63813,0.5319956030384113
39731,0.2716034318403215
16934,0.7504721048650934
47452,0.23117734217269684
16823,0.2811722934235942
60301,0.2960277161623971
55824,0.30218938520968486
64944,0.5000576272388787
28924,0.7922711164540744
52116,0.4247937749169845
27044,0.6148518276184975
58731,0.4416449232423717
1161,0.44642558624844275
28184,0.6962504447372881
11321,0.19153370071779668
24724,0.13535714351840888
23525,0.26077561260566395
22121,0.36973660503896594
14157,0.4842339313614651
50224,0.3105747110808243
31514,0.5878915060060717
64953,0.33328897415817144
46007,0.9999220526318352
11729,0.27475677649443586
10587,0.33420019857309546
6800,0.5139291043610728
43171,0.2832771383296581
27959,0.42407967642404865
26619,0.480693022614585
12051,0.4707248746672656
39366,0.5442875029145049
14377,0.3956987515151898
31376,0.6081316657927462
20889,0.12996428456198073
43364,0.5364182994370588
31548,0.49456410007457924
63167,0.25131415338445084
8129,0.6874206451536702
52441,0.7134726422198905
56301,0.44847450187916454
40303,0.2481219550583339
62053,0.6125921237304872
11980,0.3642792960936793
15717,0.15858391239801828
12120,0.651979617727587
55125,0.43972418041065053
44861,0.4663990293729001
60522,0.8432374065309649
60763,0.44465203343938
18286,0.4543651849779298
49812,0.307733278045355
41732,0.35425034462597116
44366,0.21646817738387086
13460,0.17763093924529963
47955,0.11006333362925717
45453,0.5746658300631777
4634,0.29302792557783996
62778,0.5300822798983164
49753,0.37013625522631616
48654,0.8207058688784414
33364,0.6111117131707478
20803,0.32142044055992364
20627,0.5657365871793097
3399,0.09991059165985526
61168,0.27190772596928203
39867,0.5009669999394991
25940,0.7440196991118363
27199,0.44488529811806576
5133,0.8968626095213894
14242,0.6266342533798792
37934,0.5442597878996182
2392,0.29862416383901474
28876,0.4125383634951052
3341,0.44658094509778645
26043,0.03173172197488724
40435,0.28378455111763884
41099,0.25241894597723324
60822,0.3352523419237677
54567,0.3382265288312124
49683,0.3268930884663215
36975,0.43374428236148943
53412,0.6586384946797972
57559,0.45449306320372623
52426,0.43424038621312144
1172,0.5364456835731879
52680,0.39729731546186287
12614,0.37584702704045003
50864,0.43251926993916895
39129,0.488322753583036
11531,0.5578992370066832
33617,0.24555973020088057
43544,0.17431774506606154
31838,0.30752150866157785
50208,0.3651987284471612
26632,0.9999239481001277
7806,0.2601577899715413
35527,0.4813627994132438
26107,0.2714143942444049
52216,0.3886008581305904
21041,0.23748011089673807
22875,0.5720572168693132
38904,0.24695679316665237
5980,0.6466210639643005
49449,0.20884012241134178
25773,0.9998009954352117
28152,0.22106893267762484
27095,0.46929860886694147
21108,0.5573931169076339
28965,0.4817886521229083
54240,0.26510098142658783
5685,0.4894856050299807
46315,0.3281705632045595
43582,0.33541242524831066
30718,0.28731979989932516
23136,0.3216450778062317
57858,0.46339198252120395
54438,0.22306277291850748
32223,0.31695317554112146
35306,0.26571112138443553
6629,0.6018664634156194
5306,0.4054910272881252
49918,0.524007246656662
45401,0.3346532892206889
10383,0.024408655363926793
4475,0.3433579039012155
36700,0.6925262719641299
59797,0.492742136906211
43729,0.44452316493528476
44119,0.39677924744946236
9142,0.5464465921649089
61040,0.6522987428149586
13471,0.6574479973530208
61552,0.2040591437286891
569,0.19970288231928257
29814,0.5699819864129341
58043,0.30573833723171134
42369,0.4247055472649341
7665,0.4286426393920178
44066,0.9998294289714653
1608,0.27674632970243984
41994,0.766930773836089
6722,0.21905862733315606
31830,0.32088871074255876
63487,0.9972938153540131
26415,0.334040375261144
17935,0.5659540711751038
12312,0.5678819603503084
9807,0.0713237959590378
43388,0.5054447480629269
3391,0.35724230889039177
42476,0.28638111310882985
1605,0.362739314543424
16871,0.546844973513318
20012,0.7519649716841259
31310,0.39209177942438955
49330,0.5133615949552596
41044,0.4512910996810296
64504,0.4074099552554027
61748,0.13776263654540633
20028,0.4733158286152637
63466,0.3626998654570811
51656,0.38904104661052546
15579,0.4529002760496855
3120,0.26229750239373595
19216,0.19727342981379056
4269,0.584942199323313
53556,0.4655749211403704
31843,0.32187968390916705
36713,0.6756931357761364
44431,0.21521150261123073
46748,0.4127024741539055
11365,0.20265109275465057
61982,0.5733354870360589
58953,0.2517559589815641
7570,0.2660929919673679
57480,0.2226737533123027
38493,0.5655726742484846
53612,0.4887979017320707
56756,0.7181057612500615
30585,0.2878537687309871
38554,0.711331906199865
14621,0.367747560440894
51054,0.6014194385763518
18844,0.5971710035447054
39660,0.28168071255309496
39521,0.3541492419369969
29134,0.4696630230828316
63259,0.46738043105086774
25634,0.6321082257342853
21189,0.318375477898973
50991,0.3807292021605769
14088,0.5619732651525089
37458,0.6575706583060432
5030,0.517124497853635
34106,0.2986343002170829
44295,0.1782909298044379
12560,0.2618232096911166
3930,0.7190766613438289
57092,0.4677574793271214
21320,0.5721356196643027
61,0.42922544289391695
18962,0.4689512235612646
15809,0.33132846720646714
50877,0.5816165725355655
42297,0.6568817804474545
62937,0.3008485189661821
42834,0.40959506788699795
43859,0.2594523605531025
42230,0.16572298299881044
33370,0.5940600800939289
21681,0.5913658737537222
63430,0.14189834338581084
11207,0.3922536149781114
26731,0.4211264227394978
52797,0.42629409846541333
29804,0.39341772754876675
12849,0.30869693767182516
10627,0.3509735315766631
24063,0.619508091857539
32294,0.4038708280415695
30560,0.6536276595719563
782,0.5627978344692901
726,0.41765343494984536
3445,0.5842263139979118
47860,0.2951505414211298
3354,0.2737833399240088
16432,0.3054437271250367
64566,0.09978183523851526
13425,0.3642010830570499
32667,0.5182640102403432
3310,0.270029323179816
17396,0.3453275183587613
11516,0.5022925893860616
39066,0.6077538587917305
18184,0.6385746178581206
8181,0.31934715016447557
12747,0.148947607331757
6013,0.6078307514212404
62990,0.2502178772916694
18952,0.2876701933579513
25687,0.3710737122147055
50958,0.2666394302084714
45412,0.345960926289304
7735,0.2626071894274014
21568,0.36959438886639084
5173,0.28436096059072513
5797,0.37928019030266424
11217,0.4811911523919113
28098,0.6005065677576873
43761,0.3092739102159353
292,0.4314871585916221
42588,0.6226316547100903
7371,0.3792659336329986
56431,0.2962772267524768
61950,0.46867966107709563
15375,0.39123532477308337
7774,0.44250609058382057
32848,0.6504726808839272
45206,0.6187919794454155
12435,0.31368284211769715
28944,0.22740512437830812
53343,0.2919097173753996
18778,0.3622512191758398
4493,0.531965360201462
32572,0.13572652556171785
57892,0.6243627421051443
7300,0.20173260556246217
6689,0.5314310962414284
55504,0.5984232599028859
28022,0.3490633794645999
63169,0.2001681201895835
64657,0.574856026923473
25569,0.4385341647672589
29371,0.5813059746045349
35746,0.30747764871634464
28619,0.46924391946107064
58193,0.5203108231100044
27481,0.5249893270570111
36123,0.8062761466728681
24066,0.42417161023981054
61018,0.3766059462844394
55401,0.23369946988835394
46439,0.6217510255121258
10638,0.5306007652035504
41462,0.4697350473894313
45433,0.2711696464940915
7904,0.33113403118847917
2024,0.6184860993870583
49500,0.6978952743793582
10364,0.23917387818719124
62296,0.8066321433181168
47790,0.4612286424284805
29846,0.33651335293538526
60267,0.14600661329535403
19695,0.18990891967812606
62381,0.24167149971001145
50105,0.747650726126867
61716,0.2945694021342541
37794,0.22983569073974439
34274,0.251200044034014
50957,0.4485854162607531
41624,0.5618289025700468
26042,0.22037364045035726
56835,0.47596732325942376
9323,0.4815916492723014
39627,0.3122977127016735
7088,0.29846668890914035
9886,0.4708062114323653
28798,0.8316224472720747
55468,0.13516394294044387
24683,0.7472804768968054
26261,0.6949292393182479
62582,0.08544796580382726
39112,0.23087140610314563
57146,0.1308627079288705
231,0.2953280347671101
47201,0.5627403317104445
24911,0.30493257840895277
14730,0.5902344371887457
10267,0.5517962245357241
21590,0.36785760650941685
5598,0.43161338502268387
9367,0.2571027303286917
49900,0.509304978478441
12664,0.4283499683339091
9090,0.68423684586907
22352,0.5962524658024136
52811,0.19715932976092831
42758,0.10286688691012648
29034,0.999914992744924
29996,0.32953357659312754
44349,0.9999155419841754
50716,0.4232107399239335
25539,0.854897307664659
51266,0.2852003295994639
36185,0.41507291332463375
10569,0.6519328516434366
550,0.5805581835651275
19634,0.2583626823945991
7784,0.3374616224716157
53901,0.3559106640322219
53108,0.26404387342506613
24656,0.7160388990416588
20025,0.41122859639954445
52745,0.2450609414581175
63579,0.3598474961111678
63922,0.253692560216499
15705,0.2713340527535976
53126,0.543735987490588
37105,0.4774999610035729
40059,0.5625607939681024
54917,0.5972744239992721
40761,0.1347046210991197
47542,0.3347730629469789
52405,0.2972582198504752
43844,0.43180610569914063
61481,0.6529403282202675
44721,0.3623780644676941
58554,0.4559461459475365
34518,0.30308007486721167
32931,0.44513822148858895
51071,0.6853591033794212
64025,0.8696282311583696
12690,0.5479050486171162
57506,0.4008468160820177
63504,0.7998099435635071
13876,0.5116689757432895
20373,0.3723743962358059
10510,0.6896664436244389
12991,0.35579684096494957
14138,0.18468355989913446
39621,0.17398277164494858
49899,0.27232185833737305
12962,0.44468451926576263
44092,0.1444803922973469
48886,0.9998460388492971
15938,0.5077046806373364
43581,0.1893572473050133
51270,0.49054360368969235
25654,0.5689884744439003
12474,0.334848754007688
6316,0.1484486421848585
30553,0.2210660292288443
33998,0.305499051460763
33554,0.2262757812714524
9938,0.6563776493247873
37428,0.48851270317625434
47089,0.27231641110269356
51981,0.2811454463502621
54107,0.2752765351826195
10324,0.33876980765792913
8951,0.6777295617182136
23702,0.4266014346256187
9641,0.49968301329536075
9654,0.39066407955254034
29092,0.30584409004372337
230,0.7572562024754781
63385,0.666082975364641
2148,0.4131819080778699
28145,0.40346289267920554
64838,0.22760425047122526
47384,0.7088430350530379
15296,0.29137303693024896
47836,0.6570858210197151
15675,0.19540759352489848
55553,0.5670717056662012
35842,0.32407989138963
10111,0.5226195541414509
48638,0.7937977025186141
30052,0.27583298206488777
59337,0.5832941007900795
3081,0.2444035714207704
35096,0.6966279528935891
30838,0.4868199063726457
59195,0.6660270281111977
36861,0.2183738589893076
44866,0.5882975366455299
16738,0.3641969686475719
10990,0.6685818795678282
63212,0.347718768618667
22445,0.38786046263013174
10143,0.28310350366188936
46524,0.5524751242557431
25965,0.2999167163126565
16829,0.724038863406349
54727,0.22491418945340338
35843,0.43049887741213383
49761,0.4158904572348231
8559,0.8133194739753051
64479,0.23616690308142835
63985,0.5490870482478682
59970,0.19350129497825133
30897,0.8106216446800144
21750,0.39032298557433404
54360,0.20269897246369373
32599,0.5881610612545127
61683,0.2384297998313132
23661,0.3766964499017436
60893,0.25303519690813026
64302,0.3403087922027684
56109,0.2613988993788442
36988,0.35185337453203536
20823,0.8185073424527425
22220,0.6237000279900216
19162,0.476669699955986
43563,0.7236691710381944
62388,0.1678687388292189
3905,0.5922314085072377
25352,0.21758196272366032
22,0.21651117508720094
4896,0.504104521683375
13141,0.10486817360000768
278,0.33625204503175954
31868,0.8336580672288225
62734,0.36842649912538333
14062,0.6026739743532079
31924,0.21471635318589732
17771,0.6473684569368738
5913,0.3103352677804116
61576,0.7833781951790395
47271,0.9999014254036548
27574,0.6535122176660895
55750,0.4744348408956234
21305,0.42689789845766785
55981,0.6644490817648526
60774,0.42969005455360193
29086,0.411693764000881
22007,0.40373381267713715
3233,0.7059658659260271
14485,0.6991804928586195
8638,0.3938578629343499
64158,0.04260028842967018
50989,0.20399675772905962
53433,0.5382808326823759
27290,0.2124097080140592
50289,0.31563157672527564
4218,0.37575465241532086
28509,0.5075900952327475
8504,0.6957062240766996
53686,0.6154455466487959
35706,0.3879084458985202
56858,0.2960986118412577
1595,0.3578845241007111
50151,0.5608592861954268
45411,0.3762138224913712
23293,0.39472139707452586
12393,0.3743825514633112
11684,0.4126161371797234
4563,0.5287999235301233
26663,0.14568377376762248
48087,0.24193710054366216
1933,0.5038732018618225
36777,0.5462107514115241
25130,0.8833556459283706
58247,0.5907173049321446
39331,0.5285040845966565
15771,0.19220265142924323
63765,0.278639549924407
36846,0.3818603451441766
29910,0.8386886645024405
17233,0.5731574114364277
30105,0.20033335798083718
1857,0.7285653445144743
53508,0.7737378648829256
44417,0.3434171093744172
30411,0.4991936164251033
22643,0.45733728515199484
33851,0.27495242934799585
44525,0.7083777147665529
56494,0.17731301622197257
52922,0.10906297706708326
10016,0.36822511974593153
50962,0.6444269393161197
51470,0.29605914312381143
30868,0.684788507699266
6093,0.2205701877804331
45238,0.30041628852835084
14525,0.6583354563496803
61595,0.6661913963918991
55640,0.19217331410599287
6149,0.4112420094622059
47216,0.6002487371947044
1788,0.6822295896461545
20853,0.6680825156753956
61524,0.47454436202013356
32270,0.47863704714675454
29915,0.16382344254600206
6074,0.5731845818876392
59475,0.11725910060517458
29011,0.2381849551560943
52465,0.3953819056488381
7493,0.7559510133111917
39419,0.582314141538578
26360,0.5129898119976218
13239,0.6618166846502653
36045,0.4351047225387371
2943,0.8285764139042915
6861,0.5528498408919198
53704,0.3258385944768235
51230,0.1808387090068175
61422,0.35892083836168137
11098,0.5190338423546578
54657,0.34999899523511585
53829,0.5287330095687461
12353,0.40651556393664456
58068,0.4305558714431523
40694,0.37553739199723074
36759,0.2721135228264946
53258,0.7351623182031031
35147,0.7355619265750964
9946,0.317110824160674
60103,0.8763866939597478
54280,0.6180743770133508
58460,0.27145873189976827
34870,0.5270394732203805
64358,0.6262687700093625
60796,0.7775758099782536
28980,0.14160582478047903
31596,0.3483309176461421
50813,0.5318936669701256
28977,0.23809039196327533
34520,0.251349722965171
8987,0.6735829168978653
45253,0.8255643915264556
54190,0.5233726628728231
6353,0.7208756614346393
5566,0.787610487979592
61554,0.8372248664605834
20772,0.31538633945351147
19449,0.8522265957792754
8122,0.35026477398699873
48897,0.47343626704328945
44905,0.7080734727511993
13384,0.5345395847619168
52239,0.6053789017496622
16673,0.2635503563757141
31518,0.13411848040153118
12548,0.11130048917465672
43611,0.4622842763816895
50448,0.4525383936676329
51188,0.26112615039443604
18679,0.20326674825014512
60686,0.31856318705510067
17869,0.8145536941098015
50432,0.06379287800142716
57779,0.2696445256845269
42328,0.2867851789943962
44207,0.8545278049756461
15981,0.14867200063192015
634,0.7177270560034
47071,0.5201468830232038
41389,0.22455577393264595
16498,0.4033431091585257
36095,0.3094891941847686
38840,0.7196483398490496
1361,0.22406580183365266
64688,0.7265501855610453
47704,0.295612776482927
771,0.4120148540878365
40455,0.2877994119283168
64154,0.44559536617160295
25882,0.6891587636313857
63216,0.5832186828630467
13570,0.46053282325159245
27506,0.9999356810595462
56952,0.07131567084402637
35295,0.4265129021966523
64161,0.30237344102366215
20274,0.3580302203264656
64520,0.397642344516186
25457,0.7439093619116127
2836,0.3025576547082558
24722,0.2924954418332574
54947,0.2809214574012292
58408,0.1636422042112129
49743,0.6454870714745659
30774,0.6507628826774458
55793,0.35598321529190613
2496,0.6952772242530758
764,0.38513370026532023
62863,0.26262300721428034
52052,0.6427674656842656
22086,0.4005577973963668
8028,0.44240477440848247
11295,0.5482708191514508
7662,0.5802846289290688
6428,0.2603686398706438
26604,0.41082897624492043
4893,0.4217763915573062
35930,0.19015540951834004
9314,0.3067440091781044
57754,0.47057704068617934
64273,0.7492782629032451
41406,0.5176866142790967
5423,0.2512015701419002
61128,0.424627956255799
64751,0.2442461913645377
56414,0.20154816066401712
49716,0.18896403759751504
16135,0.5592631020280083
59637,0.025756396757218625
11804,0.3630246608844155
19101,0.47318742601816166
41834,0.5451017238974561
7753,0.40942358657217176
32621,0.5549200012097096
48951,0.2671976967724176
48508,0.5543766746925145
42401,0.41639621302764174
61884,0.3870069883856376
58980,0.2902215145670855
6621,0.3817476473141104
15472,0.5998040296420186
59161,0.5036567734439407
20221,0.324420505038872
52714,0.30356184840357614
43512,0.28374557006936013
11888,0.5521887497173468
666,0.3717965187671276
50871,0.1855690871982115
7062,0.3121992733866515
25303,0.8607660376126474
59372,0.19876614179708313
10401,0.3642274069753336
11630,0.34825822301183296
53105,0.3230416284425999
47291,0.4293282735151413
29243,0.24420706373372952
43566,0.33296892369955633
935,0.5894219499284256
25960,0.48667667690370514
32525,0.6757474460422298
30249,0.09646582610073551
42626,0.2307595459039851
63533,0.4481867950210752
54361,0.6724779842731733
22708,0.5604534753103401
6587,0.5338505077015573
23051,0.6872719069184047
30322,0.30970693174468233
7947,0.3938791670189978
783,0.745905276032142
22319,0.51479132572069
6676,0.5130437841846125
3697,0.9998462650358374
40704,0.9998880697691723
36474,0.42895150420284606
1603,0.7685989943519663
55798,0.6828749202698556
35958,0.691534743494822
61300,0.11785155263243159
31577,0.24594801723114623
58693,0.7064892646692277
52081,0.44335332390647275
18944,0.2328132848906275
38275,0.4436091748001564
63500,0.08632942613265275
37008,0.3602793002930813
19024,0.25747663105926333
59740,0.3254861256823142
2410,0.35790098870748976
24732,0.5234549004276687
38095,0.6300934086396779
4861,0.19597768560143597
58837,0.297154364397717
58549,0.5656581305508892
17526,0.689465487200169
53477,0.6641448498789961
23996,0.6029819344705601
50350,0.10408743996281399
51813,0.25929718579627375
60600,0.40929286796219283
55910,0.2766660979106129
1338,0.3296408391796105
3314,0.34436972199182875
63599,0.3293630470133009
31538,0.42182192108813465
58743,0.19429274634206173
25279,0.6711163018265572
63882,0.5057749571462352
61186,0.5636831830649305
22008,0.35710074813075504
58637,0.42115477168881477
12222,0.5972444111343892
52729,0.44446504855066055
4695,0.756692832599664
7485,0.5069368198557408
54492,0.5082936657147081
16581,0.6791871564161694
11894,0.61613979195417
39686,0.3432589116602422
43815,0.555806982275451
9679,0.8419721953262831
37476,0.3735647885442583
26303,0.4241236089040631
31715,0.5722364922933508
10988,0.3304088673389766
49527,0.4965047577864414
28497,0.41510228544872785
15589,0.4270557207247155
33106,0.30011930284846294
46322,0.43971679221024734
50976,0.1538226935619905
30804,0.4795613315864044
195,0.4276547840126808
9023,0.64864407074323
3619,0.28178846784018785
50068,0.6364544358513076
41888,0.538620608143847
15132,0.6723587912776086
27208,0.49012078181461344
53005,0.3819938243821054
16866,0.763966817872755
20932,0.24406287687666642
48161,0.5071097608115646
16075,0.27223724740479177
58284,0.3724077023445702
23958,0.48229128790715814
42092,0.324553219279826
26777,0.5421631672289886
48615,0.37408213767659865
32033,0.4682002419486402
27731,0.3367069875129624
42413,0.4203857531266655
59145,0.14904010286896752
23108,0.36557951752480916
7930,0.279673575637234
16097,0.3421872684938026
63009,0.6073435596292627
46636,0.22683897891556215
12073,0.7980127444127871
56066,0.4722047015819298
27029,0.40808538326013755
39882,0.4241240595138891
33584,0.7134388515544522
57878,0.2717718800946247
4843,0.330014175815215
29100,0.1284912400608286
44666,0.1732752402545289
8040,0.6478613113976244
62021,0.14661282560716135
31345,0.9998919270312857
6055,0.4213348229013196
61490,0.44588967886147546
18624,0.3205649307402506
15030,0.6725645892401626
29486,0.3212312512613865
27503,0.6567723320826184
52974,0.24291805306535608
18300,0.20060378965169606
9402,0.3993180462877922
47221,0.5669424289917817
12748,0.4441070298147559
6875,0.2971854230835534
25189,0.16552439225812368
40441,0.24066546479200618
19297,0.19995533876511465
4425,0.32993345216281095
58245,0.5008089974573317
4940,0.3394882966912364
13834,0.5195645617482719
12610,0.37679620646069334
24699,0.2881521281884338
63134,0.5620055482557678
61664,0.34035157925031606
62645,0.3211725196803405
58937,0.6832586679826493
56255,0.519031123662737
6203,0.0665917763183925
10445,0.3134614480976836
27192,0.31541507993753237
29217,0.24468602977170562
36067,0.9998927883595863
3005,0.2638286019425365
12863,0.43209113565804336
42471,0.5991427231622585
56564,0.3600346135761077
12698,0.5576462534363285
1222,0.19990697240656735
37776,0.3218515771237026
11887,0.29344741661709395
32987,0.3765277162754774
33610,0.46063086718338175
3982,0.3213718665964033
41534,0.4276466077516502
63666,0.7662969949431265
64033,0.34852539375418007
28578,0.3167534489497083
45636,0.7569650677186739
59230,0.6490694736823958
34445,0.3634573924115225
22167,0.5085230260244202
9211,0.6077374636654871
49443,0.9998293836118677
35505,0.8238168897345176
64461,0.19954952736811252
24640,0.597587629074816
9483,0.33849474902362287
7164,0.2959579700027216
7116,0.15059028117733023
64026,0.25027915148580643
57953,0.7634866745695049
43648,0.1275533154857519
44171,0.7641467862948575
49624,0.7060146648281806
64206,0.5790885475878872
1862,0.5430780877088363
45789,0.4088734070528611
45949,0.49322259989280753
45873,0.4918264267620503
50488,0.24799609942178977
12612,0.1643010408924505
18762,0.6999166682186944
38330,0.4457681576546804
1091,0.1269966290067798
38579,0.27903962756457534
35024,0.9998473007129703
22982,0.230717358087913
3232,0.546796826605797
58453,0.42856266089804956
32795,0.6011720075298626
35709,0.32597633907356566
64199,0.1777417219247573
36090,0.5179370933739991
23656,0.3861953278159766
52669,0.3391164926351071
59168,0.7477028115555365
56191,0.14628184731168778
4328,0.6823867656763872
31311,0.6322111381189718
27054,0.6187831879287897
5729,0.32042349779211027
41516,0.31169327409535524
18236,0.5791546945073776
54873,0.19004683816104928
11026,0.4874344859502627
55489,0.49963905625631183
49763,0.3358666064024444
10561,0.5309232777160938
9350,0.1811636245335148
59958,0.5293607593032819
30792,0.22376170706031745
18792,0.3416748258006236
32834,0.17499274421585995
55791,0.2756280101725832
12464,0.6137799895875097
36075,0.5269235741189763
12901,0.7375742968194644
60665,0.5271852923320912
42885,0.5676792537097254
53247,0.29168934363721405
36712,0.2233048586099325
17270,0.5076087750928497
47851,0.5713769691174071
27524,0.2822533001455886
31246,0.4377738058220381
22004,0.30769909153181646
47047,0.1481045220864854
49318,0.9999255512260684
41450,0.6727471957325558
26407,0.28360827556994156
61661,0.2064801327655722
64109,0.7744707385042718
3556,0.2169212829679764
62475,0.4413447211154921
20472,0.5814502297883971
13303,0.7416062003272413
42463,0.7083961507103795
1467,0.3884092119047258
35656,0.23290286596907908
62921,0.3459197584012558
21732,0.617276133541927
7248,0.5759912186673111
47618,0.9998474802642116
13204,0.2900977180772872
47878,0.4802816180527899
32468,0.6249226103971086
49776,0.29002239827495224
26905,0.3384884846659437
4536,0.6587668975338423
56719,0.15229806214568567
21362,0.7028328921211754
16537,0.40753903779099365
9034,0.19989692302755588
17475,0.279654063663593
59806,0.2639296253520576
26642,0.22928724636330536
35927,0.6562343272258641
25613,0.45633597500240214
15441,0.2499880702085874
24172,0.3115511503795735
62843,0.5059660822716626
47897,0.23033971702610986
12265,0.19097429719460413
10721,0.1373329191117195
481,0.5587108875017863
21773,0.22049452042250076
20768,0.4409648319791687
2473,0.4611013792337355
50065,0.9998728794238569
51201,0.724476121052242
10775,0.49730127286010106
33313,0.6790850066602505
61836,0.49719586743333083
6651,0.1853432563112036
4449,0.5411258193070116
2972,0.27768998038296255
43372,0.07119349667594485
30762,0.5398188946305686
5305,0.20577100029036402
52832,0.1327758416891393
1723,0.7246242743242811
15893,0.343601584035457
55976,0.2997672003684026
15453,0.5351846050290461
59060,0.2870474493748647
42499,0.5449397310759627
58081,0.4998430525482482
9616,0.7807277880894234
27516,0.23683512132250903
34357,0.531873259925384
40256,0.6533752103892686
13953,0.44684405465309796
55375,0.4460471562850667
41067,0.46097616106790695
36341,0.40337401807791073
19779,0.47378014031326926
56289,0.6961477049263283
9510,0.5931316640507931
61467,0.599207020523844
12094,0.7098285613519875
3088,0.2025737067073948
13799,0.13887735094732945
36211,0.524825076122958
50487,0.3763263244275282
61242,0.3198622718640819
20613,0.5707611884190605
26600,0.5645420542652828
60448,0.12313750389617163
51347,0.3821312622145758
14675,0.4510070748678554
52472,0.6372251223831981
17219,0.2755131208201955
40711,0.36131857752643054
49442,0.27506715499205064
29131,0.2798513607963825
63735,0.5464957780905124
16430,0.2125026394581179
10767,0.5747403599609676
63911,0.14193968412493124
37774,0.3190212235804411
49064,0.526414725509873
19965,0.48086858039865954
61659,0.1920898437393103
31117,0.36296192582380576
20285,0.7323861893056157
38851,0.5197122140106701
23318,0.4638409103507567
33845,0.44677000589699356
35092,0.6312948359619593
57375,0.45069010859981373
38604,0.3383276814742014
32194,0.6279554493799071
43330,0.3180765181100629
46978,0.4763598618901797
26686,0.20998137793012325
53733,0.4264321728900498
16590,0.23403060262035721
52825,0.3512042898880869
31227,0.5364587308375658
49102,0.18284694899331513
55570,0.3042242513342768
40859,0.7568798769958541
25182,0.7327189890265452
20940,0.5072955601627543
49124,0.5150809305319065
55136,0.42736019017724863
49042,0.4950944260441433
19523,0.23663585787787952
57847,0.6171302227812052
51051,0.21297452756933402
41431,0.30754492088362295
23672,0.45716410525090395
56840,0.3800553192070177
9842,0.26618602742933367
48367,0.42682539678752385
32195,0.6563110091833777
13091,0.06888532293797767
8589,0.3869394568449678
20455,0.37107747176494726
52136,0.15319297142066002
17088,0.15364779018825028
20859,0.43103874195174735
47655,0.7226320219053137
53831,0.5681094503637603
32511,0.1324799179765371
45849,0.4118364446494581
51823,0.403228795853099
33902,0.47286906156694153
66,0.43990872854332214
21459,0.7250824687030324
35199,0.5314503327328277
50673,0.20268399309759233
438,0.39095811096088645
50583,0.4713100648101334
29547,0.36315406464705063
61512,0.14527394559396606
60532,0.3363890326906636
8049,0.5669581655364021
42611,0.43675312811103234
57976,0.3910353885864713
11758,0.296987330006682
62375,0.273124411628486
4073,0.5647104603241443
8107,0.17594384618535566
55042,0.3186187959850967
15032,0.6119828683999683
18696,0.205695380216785
3430,0.41855176225094864
64262,0.6099972471450255
64637,0.18977213840840312
41365,0.4692600218332197
28351,0.20176465260241325
2008,0.6493332131484999
63970,0.4249597668516118
5837,0.8652166803114195
53736,0.2586004837365119
13201,0.6451648735365332
20979,0.41033190517242146
54246,0.5369015151570039
46013,0.7685003091212373
55776,0.4881266261005931
25660,0.28016087721210975
6910,0.3143439330560202
2578,0.38413878717648897
12582,0.6183081791915688
37411,0.43562593553382906
21471,0.9997335882798111
12621,0.6922812926646255
6285,0.23105602759964664
52167,0.3750706597355503
44375,0.4833740664221807
60829,0.527258271332776
17035,0.5189152041761224
15271,0.38195953753411827
55168,0.18848070328929298
12278,0.42348952762558495
5755,0.5912470307429902
45361,0.3540652609056319
20657,0.5945154283313167
59050,0.3452317079601256
22655,0.40381315766658105
4177,0.2934290630894545
39117,0.8260148349739678
25010,0.9996154834464105
53577,0.3885230215856082
42833,0.6316859254173487
6823,0.15659440997663887
55600,0.5308621210008231
27060,0.44019078211430124
61559,0.36879617695243355
59951,0.6745281971391831
36699,0.4724715049991072
23407,0.41992265557473313
11233,0.2861504780507226
20947,0.49143302063198424
23841,0.2657309159376604
4077,0.2405530442667742
40920,0.4945173062567956
17504,0.49322805257919405
13475,0.13527683245431113
42162,0.6377270470271359
55999,0.4039382370594944
64720,0.22113175691640288
36308,0.6184144865664517
55099,0.6894394346210575
34902,0.29712318226439843
61234,0.3233171827432665
20064,0.6899286552374765
36482,0.24661227439384206
17365,0.07839599359736982
56671,0.2972567184007705
42216,0.3416483450308654
36725,0.19663860590618001
5045,0.32232915699123926
34397,0.44824589005203364
8714,0.6503866966843478
42524,0.5451897561510686
63631,0.22149925961618402
57807,0.45329474914825746
59987,0.3819989245188851
61308,0.17847548543645333
20038,0.5065302647361163
23610,0.07790805333833767
14502,0.4979998975207973
41459,0.27609581347529305
60676,0.1850082010857271
13049,0.31780996375455733
49383,0.6738383346692968
5717,0.13353898916376555
2044,0.20993189244651472
59347,0.3812187142988732
15454,0.6989363703989883
17794,0.28852097918361247
59676,0.5303251085504027
5455,0.28612313174282095
54278,0.5761723265900204
37083,0.333045140188734
60566,0.24237983908278038
21582,0.33343214759379375
59801,0.20740481754406645
43651,0.8384209627516254
15430,0.49088148901158
41162,0.37165567776775804
23211,0.6817587242041625
33721,0.43247577335741544
10523,0.3992358565524268
3385,0.26797468298448374
36162,0.3937845430474521
62230,0.4852486348680487
55400,0.21636063638094888
46169,0.30256224504798235
10422,0.5743597053991726
4353,0.4220724632826606
53563,0.4006059039493271
37400,0.376067070439681
21587,0.5525214928487134
28817,0.18669278863385155
26825,0.31709322875173707
40631,0.12156417095961015
37933,0.10319234480673543
39098,0.3325504977598633
50674,0.16811504327363938
57312,0.5493269701316206
49871,0.5248680051073783
27191,0.49091344783337465
15289,0.6667101054039646
18,0.35131957621851695
63512,0.1529736125113137
29304,0.9998782076042291
55182,0.4700611047096051
43915,0.4394395514472119
36873,0.2233146291441044
34528,0.45562482899808865
9451,0.3090517664804716
64222,0.37451246154392026
14916,0.43155198855192617
46048,0.36622463873535543
28519,0.5108577176980059
21930,0.146635184290839
59105,0.27517896346949927
62731,0.4294045209375592
57827,0.29403783304921616
28483,0.6773322770696839
9542,0.2564360177923675
24175,0.3471234014693332
32709,0.2098373792646732
55196,0.7549340512238851
5474,0.4105207510732329
59275,0.37481339521856605
33834,0.31460017107483984
16277,0.513845181627999
2968,0.649711566129167
4298,0.3886202964445095
31136,0.5165592074491892
14721,0.5670406194117316
14448,0.6155152548294409
25843,0.3987071312892519
16780,0.7276048306329665
24450,0.40184098018472447
59694,0.3647820682246693
13112,0.2280345823678411
19432,0.5171612258160564
15216,0.39344219843060263
56075,0.5558675499704651
63833,0.34354978073900694
19582,0.20953166577564086
7787,0.31549748590589866
10778,0.395188535726889
41944,0.44484654609507085
37958,0.415906613196658
37847,0.12939225577351382
27122,0.5781634044965352
24093,0.41054101956607947
40500,0.5176792211746514
44042,0.33422373548160905
32938,0.3101573353792556
31724,0.9997423588311508
37275,0.3070446260135326
30202,0.35987612061791663
42875,0.38597834333410086
61825,0.1978825261073069
29447,0.7932416879466873
6368,0.4910905247419515
36679,0.3088159534294108
39655,0.33820129994247444
44814,0.7685111006867489
34795,0.7684035970819515
58257,0.5037268000781084
22765,0.10565785025660802
56461,0.6087947631904358
42931,0.5936864027143028
51770,0.3179252956344328
54168,0.6468947877674083
35814,0.2838503043215432
62576,0.40642546369368776
49074,0.4440447951373798
13464,0.35650517662216186
49993,0.4816951899783299
23785,0.6012073369509723
39389,0.4964751291667671
17014,0.579241856197949
59022,0.46286523714914724
25165,0.5946554447983136
47515,0.235204596908546
6972,0.3705440808221604
7424,0.5748060271920803
36655,0.7269668915659824
43937,0.3207311684843527
12861,0.23833411929251072
31068,0.18481471749825973
62134,0.08753440201432028
64668,0.3803823289049296
37990,0.4188929633736757
57056,0.43064646889084063
56911,0.7649143989534114
20260,0.273270918644123
42290,0.6295744221081049
44818,0.23545593531558784
21764,0.1844320182834784
34432,0.33304504479837066
23593,0.507299008722395
9236,0.19540255764098005
12079,0.7535358369803054
55685,0.5443846954384075
16186,0.4576710680471581
35991,0.3186941469751911
49485,0.8460943362982913
45128,0.45663214281436876
23309,0.3642589284722329
22202,0.24508371811063295
12558,0.5250167753401441
47733,0.3329713911486044
8789,0.5228287815847622
5263,0.2439902091685614
55029,0.4244439443264261
59496,0.46128491089156326
21664,0.6722300150601925
53697,0.4059716866799564
57022,0.9998996899156342
24984,0.5436666429564118
43590,0.4733707871272577
4891,0.584608707588551
2603,0.6430799151569819
34214,0.5139369843865762
52647,0.40023559480738086
51878,0.23904565827876162
13683,0.26698960875790106
1243,0.3076878898382777
11792,0.26624335740744975
58763,0.5896807308520112
26213,0.3184753079750601
27068,0.37543351146101567
14781,0.29042493342932524
15842,0.5194221161534566
22122,0.09685455123137386
56715,0.3444339252591744
15566,0.4971977834083579
4460,0.4407100088203002
51978,0.6167446897512071
34705,0.5110607017600132
29685,0.6326677166952794
62552,0.5558958089612009
53420,0.4807878365807862
14607,0.16904389075335138
50481,0.3968612273211509
41352,0.28288210247024764
41818,0.3092093905927066
52722,0.41906550845841395
14652,0.43487391077413334
59507,0.16343134521116873
37252,0.6080517034635651
14265,0.5934525158762854
8623,0.27403329984717617
5544,0.16281880183044067
14253,0.3869735615744765
42392,0.11241371622705126
61172,0.24428832444963008
32249,0.7342029290697264
50138,0.4206474603280686
29666,0.6189500745848272
20644,0.45217528791103023
44049,0.4375909984820785
35313,0.15078724989313544
21216,0.59416454492507
58577,0.7454392861583933
53609,0.2527201123679109
58843,0.4599203178728941
8690,0.10068185623496094
26615,0.7215186061306716
16737,0.2432630014031963
27276,0.3944983229453257
59995,0.3297847692342713
47899,0.3617645707044148
36096,0.4722995485121996
46863,0.36227053873272375
11534,0.45517572436719267
57896,0.6186964849899214
53995,0.18547504344689703
32424,0.7238624296617624
12087,0.5267145120954742
46787,0.6447823348100011
37733,0.3424799129573749
14451,0.7644083157886004
48302,0.6864906841354821
34510,0.7648646305631569
35996,0.5850064658828461
15180,0.45166101028767147
21163,0.6353534883363791
8035,0.2211508064986359
57064,0.6102323608809014
27678,0.2502098024381597
39965,0.31935790070376757
58432,0.48203144826436584
811,0.4618442940683269
22663,0.8670339292418512
26285,0.5125576953652454
9447,0.5838682419363899
27219,0.5728553048310802
57700,0.31296357912964057
42580,0.575888059676495
54858,0.23761118546346688
44561,0.42730631436842853
25626,0.28502658089905575
13465,0.7165624954776505
27274,0.3207884583638709
12172,0.4045104631693573
49451,0.446414587255254
48913,0.47312889110428075
23923,0.4662795720048668
39779,0.4097493001046894
61986,0.2238241094625567
32697,0.7929304588912861
61415,0.7061282389513974
23575,0.5964718459913031
8322,0.21579534822725077
58926,0.5532568741232549
34360,0.22242784154535222
43880,0.4007323110603323
19046,0.9999427896244499
31602,0.5645347631453954
57080,0.4595419899778434
21960,0.32850710695710117
59216,0.6642359024188262
29062,0.389423660455985
35579,0.5452579246750517
4720,0.20500324379052806
41589,0.6755750289491794
47360,0.3081271285961779
28384,0.6389682401978862
41235,0.4720749763452865
23851,0.17554595662671693
26894,0.34044095726159546
52540,0.18723793813491157
61841,0.35443089623121204
15374,0.5553881314787665
17850,0.4743456835389797
34640,0.39051204459731426
23905,0.5929372577645983
38792,0.5699790452512261
26525,0.45618634766809635
6634,0.2238367313587331
46589,0.21309568642388188
54195,0.23815469957794821
51551,0.7242829102176706
17762,0.5449041482205691
23833,0.4685436583887962
36957,0.382412815856351
14715,0.31684952178811177
25564,0.30751382500279806
55333,0.17089626016049847
27580,0.08181976819813502
6787,0.18872357809215332
42695,0.8394344294803068
720,0.38451346994314034
11603,0.10872239045729071
9549,0.2952043146176413
20415,0.5245740835449827
7874,0.37827247965581756
60536,0.28413546814100255
54202,0.39175635365468964
46823,0.7044922988644966
59434,0.13160229748797203
29603,0.2946258247269203
2389,0.48420670523686254
21107,0.534654774546311
1078,0.39127038661385805
16996,0.49992647679557317
50997,0.2916616651894455
49536,0.3290360753572558
42460,0.16711193537793836
57840,0.2580858495566352
47103,0.6325923968082837
7301,0.5310127801865221
22869,0.8352714537424275
17548,0.2056768796408737
34490,0.07802250990001225
43205,0.49134278115811036
39797,0.5634917283062841
24953,0.5294152517176813
49545,0.5022481561207706
42841,0.381851457504015
18774,0.4237854751202894
59739,0.4118540557505752
29277,0.37582364907154886
34350,0.33996829285092806
35741,0.7296443880985914
26139,0.6324596305895176
61799,0.6966513739892409
15798,0.35426927153456195
14799,0.3219516061342159
60325,0.2138833698277573
23762,0.48255609043256886
52829,0.6775027349384414
6243,0.8049654896545425
13416,0.5932224657007269
62438,0.17710561109088
56226,0.30580159785638567
40123,0.67098017652787
35268,0.4335210076183022
61452,0.4951867482362407
47996,0.42528787921011724
14338,0.24628320732053266
56582,0.4803669353975923
17423,0.23764222144103717
22417,0.6216394397679605
24216,0.2754803845740629
50884,0.4006142596144749
36319,0.36016184005887186
43520,0.19041819797906862
36452,0.4503302730800724
18030,0.7050963003838995
34800,0.5775104335390441
17545,0.21424970889623
15790,0.37421488683015713
1803,0.25185524342675925
35633,0.2956719331566587
7337,0.29707181357508217
24152,0.5839167550556312
29238,0.4036936660994549
13765,0.4013577688288613
59061,0.49668264013500385
7985,0.3863822896770369
13505,0.6776036472384488
16754,0.4068541596215501
21935,0.8218814845571836
45442,0.49184845138310185
29109,0.4308383327373123
44655,0.26763318995428337
16591,0.5095014702191165
39677,0.2824525234355535
24458,0.9999324453664618
4072,0.2979326026352242
16700,0.6048741004487086
49490,0.6849928025171624
15164,0.4148777359111363
52492,0.5516927496266157
31953,0.2849598117452836
20057,0.33003740567377965
35876,0.5893436900329181
52122,0.35730524834379634
60984,0.7718562297858137
35215,0.27399984883770556
56953,0.7619838682905896
33694,0.33755779698021493
47917,0.629018006360618
31083,0.5245773864433021
64081,0.05381492724136474
35416,0.3699445597559868
31782,0.5143896079291435
13536,0.07523421623337924
51816,0.43938652653856525
48752,0.16075358999843703
63731,0.35896898774672087
12701,0.20117923113632508
793,0.5324814341184565
30896,0.5356594673375185
58476,0.40666407167516666
25400,0.3105772759254081
26199,0.592667196703612
31401,0.648158944096943
55326,0.4644034253460124
42791,0.5098132638258323
33347,0.43625605789711414
4716,0.6817143157981027
30709,0.5211776706649289
22961,0.18383803176774188
30688,0.15776541293713955
39500,0.3798723849104077
9434,0.2933825469597843
50411,0.8626671173731928
36008,0.2768461477919408
19363,0.365868621186541
40717,0.2980059208174631
21735,0.7083481460964012
31312,0.535410708652867
20230,0.6890478966821919
22795,0.8932259778466444
12632,0.14156339428549433
11004,0.27114884999970734
19057,0.6547226236074367
4578,0.31458895098407536
55616,0.5231357142726379
62454,0.5852539582006852
14651,0.41237623456291217
42883,0.2200646236900042
5256,0.6155217926297208
25618,0.3271897388321065
31828,0.1457719696222709
14976,0.45879639242471865
17090,0.3532158463326537
42232,0.7029130504936172
12648,0.7476798196881005
63727,0.4281552075664103
57640,0.3040241436849242
33880,0.6884796343865851
64770,0.3131842338529723
18301,0.2998364442948442
58319,0.30804061576967673
60476,0.5819696600656241
62347,0.7490678044757717
29524,0.6773705750094126
31555,0.467069620689738
1268,0.25028905523814
48015,0.09551597628947829
63247,0.29117827032485954
34786,0.16917138698135145
48875,0.7354305537633196
59153,0.4627095085566933
27633,0.4491173744298558
56180,0.5369170058519023
4959,0.23020321218233591
20766,0.573822343913856
57163,0.735982183296294
34203,0.6059877144659751
19143,0.7689639121259987
20793,0.4983361579505748
4375,0.35171983876325713
26533,0.24390026409685905
47463,0.5052096493175625
51916,0.30169078023508716
56303,0.12011202845010562
529,0.4832308630258013
18644,0.3388506833146716
22387,0.24735850673388995
50590,0.4160338629284158
48206,0.314820144442819
22434,0.2038256373652983
42612,0.42754353782797117
59332,0.6433304598264633
40098,0.3004750313335845
56175,0.5813313882314787
13401,0.8130098092764122
53075,0.6937991590537184
4316,0.5568348466109584
17805,0.4715359724707097
52195,0.43736778662953446
60765,0.5068844139287685
6580,0.17624370154149055
61601,0.551626279906503
2663,0.2934858886549207
54674,0.5285269843978
18969,0.19732764203812722
27532,0.3891071287279648
54126,0.4637702708445689
9745,0.26924028478758444
14949,0.15763365996183307
60621,0.39065353891478977
40146,0.6381060892522582
28255,0.6749542529719295
34689,0.6207291437373683
53679,0.12944184704351536
22312,0.5018558118678426
51301,0.2643931607088023
25884,0.25997468408295354
30311,0.34386117783196785
10366,0.3640789412729105
48773,0.44854127784307757
44498,0.7280616002022929
19950,0.2909245016320682
39443,0.3314414089948596
27334,0.6786771231698644
37643,0.30789483846885646
6677,0.3945096107607859
48942,0.6674392076888872
37876,0.36335487153388984
37802,0.37789413383511194
43226,0.4694553656830017
36802,0.22063206281973105
13843,0.18376452520282544
32490,0.5081296030417382
26868,0.39569002656101954
19306,0.19705008846493785
39634,0.3928343939326437
46343,0.13771564818629664
30213,0.29175722956898587
8276,0.39397968098197167
25540,0.18548307724234028
45117,0.25511573101750984
5964,0.37133564534618607
5739,0.624228503254788
9731,0.7543872661308076
4163,0.7034263951866635
55071,0.35325604850807035
63643,0.1806411635062743
11672,0.2244269673368438
2046,0.6619979404107922
52553,0.5205434061439413
7959,0.27673738701162504
44552,0.3633304739213576
36826,0.12894425827349956
55060,0.5551313046849055
9561,0.31700698667435384
35836,0.720532054639632
12742,0.1272245045124529
2954,0.33522525562049604
8725,0.67171148664137
34593,0.6015821043633565
48540,0.4985946363733886
22133,0.07443011279735748
40124,0.7478521089226622
16138,0.5912994822191681
13420,0.5456200867109261
33757,0.4686742388223312
51438,0.8591005226661836
31088,0.7055356238705247
62043,0.4919919670878172
56631,0.5082691296187382
44322,0.40744680027559554
56831,0.3193432986459915
13105,0.06635579566458882
52264,0.43153004538406364
38853,0.45202406928940086
3761,0.30909375773473696
39623,0.7272000831086655
59026,0.29304417907224917
33282,0.24919028757467063
9450,0.13795478251185841
37508,0.6504688364109581
5017,0.36507932700229423
8367,0.21835844618617978
14278,0.3262537009104148
11932,0.40633344496239837
58087,0.4358742180975718
4831,0.6413797673486001
59977,0.5121755876334275
35479,0.36583575421437287
27550,0.9998599255779539
63924,0.3393027252772532
7325,0.5632701733304657
28280,0.3499572298701201
21385,0.4653147487135003
26122,0.19062547421119114
8042,0.7234732243868994
50294,0.2608820134230167
51507,0.4059138936013941
55726,0.3310305870300864
6693,0.43017290706351113
6186,0.4008709921473706
45954,0.5081023867970336
33010,0.6001821125017358
30803,0.29183593891433723
37622,0.40882868820830787
16808,0.5187178669641622
2843,0.7816910285874622
45567,0.3553888234466491
40374,0.5560596051028543
578,0.3904275169865991
43862,0.5506306181620514
29357,0.21788712169635718
47076,0.5613094680089616
63839,0.40591173567344724
16081,0.5620437548862879
32184,0.25555525353444136
37691,0.6525373223458708
42741,0.39589553042793485
39223,0.3890972982715299
1460,0.29408912238272
41723,0.9997511896374137
19692,0.6682103555693225
17547,0.9998193780161206
12284,0.2527535467643457
52296,0.3407173809064219
12392,0.44501394686374135
48860,0.43793731442271994
31374,0.6108866194620435
21337,0.3561895123718808
38521,0.874280425908878
20289,0.5035408004388813
47048,0.3010904252320626
33037,0.12937495768898302
15367,0.15346423485885094
14367,0.7317377186000301
4034,0.5116022092075374
59706,0.10059499621947568
17698,0.6048098856670421
53115,0.43505854426931007
8639,0.3483861303713254
12361,0.3170794567674049
21767,0.4541987210831514
64653,0.25309619892424956
46858,0.3009910495379641
39178,0.7004108417702002
59954,0.3627177779615007
55293,0.4915790742238093
6377,0.31324198972742434
6147,0.6413112271477004
21046,0.5585939815036672
59239,0.18249971368626405
49313,0.6904349633951805
21908,0.3924688259428715
46684,0.6738401949275353
36088,0.67729732104323
843,0.270338597028528
605,0.47870496666193196
57714,0.6811010500687387
23042,0.5182774442990173
57331,0.37397981149303944
8165,0.4632657097822626
30035,0.5145061525503274
34633,0.514436856747038
33829,0.22579742004382078
16175,0.2608935550707836
30132,0.21011391773151492
19089,0.6278552513020987
15930,0.34127558824647325
26147,0.54724946891319
48801,0.709632909645964
33770,0.3218061795625478
50188,0.42731847295730224
58684,0.3102670574508972
24421,0.3555589030647371
1465,0.4054090867713352
30863,0.999826337867473
11165,0.43652182178672
42847,0.6429670060423677
14192,0.2813319528488079
27430,0.46992561804950317
36523,0.2773851274547603
27787,0.36745292939653607
41933,0.5065841138425794
32174,0.6541344121218898
39926,0.3725569718631703
10254,0.3337613071288405
62163,0.4075842166856426
60544,0.8050740819478109
46329,0.23060172863568615
45022,0.39081725413262886
10442,0.9999017373039325
20511,0.2228024584424602
34801,0.4753176639251911
52752,0.20658371871392509
15617,0.5249549303171659
50322,0.6199047084313122
25907,0.4104088751544224
60470,0.9998211222773821
37722,0.2522788821239213
42776,0.2939629234499632
25040,0.3856621630622736
54000,0.23792977920192154
37314,0.28107902130028173
61973,0.43888813232246393
10123,0.24642487366317664
21194,0.6393811278450192
17950,0.6116686483373704
45230,0.6236104189088962
37720,0.4048815199539844
50396,0.3115736205441444
33993,0.20756124493371633
9500,0.6840282311845406
4462,0.3285297400167311
52842,0.3283132172382198
48372,0.3876596280702463
49343,0.5357058044388365
42477,0.11247371385969218
6769,0.41504348361595317
18565,0.6849516265653833
46292,0.4249343052475149
51370,0.3740043245424683
28257,0.703887304542605
30636,0.4677939472438168
11376,0.21909592405322445
47070,0.5705404790524299
58831,0.38774137845902534
36303,0.5319282428078131
6393,0.6551785527092698
14306,0.14791930671560674
32897,0.4074236502857612
31370,0.5967161829885498
55888,0.2628408933580977
26155,0.2791765091096057
29393,0.2569301418273988
36731,0.48406159168493557
16917,0.3316196706228512
11478,0.7600137078964921
61386,0.19969771417408053
26290,0.6200859351635244
25483,0.7985111620230311
39426,0.3545756008194284
8238,0.2468540772779975
52263,0.8496248901635564
63311,0.6192550192841711
13827,0.2927513740672889
15027,0.38228950018738944
59592,0.39018855408346675
62951,0.4490171249072754
36898,0.2137611119857898
9668,0.2638588981555803
50719,0.5078343092132415
37787,0.7033046464204348
54152,0.6483384532105976
48119,0.5483540229981464
11211,0.20304346725958636
16434,0.17772215081857373
54578,0.41994789782599096
47296,0.22314939405413017
26129,0.44072205103740975
27999,0.40177898680020024
43788,0.9989537764097749
53622,0.6750742662939441
7181,0.22176270243883256
7809,0.48486623762619985
7093,0.1850369236248167
28861,0.31701137626253906
60545,0.22530617868749805
32112,0.3302874806647587
23164,0.23614849637074706
16604,0.6167298716523674
9832,0.40047414589699637
58884,0.6129008128751714
38218,0.28336868108353164
59186,0.5320411521231019
17890,0.5628902314765046
42036,0.4930272019820352
14665,0.43976053551066085
58961,0.16065205236918975
32720,0.38079390732304186
18566,0.5951000578265758
42751,0.21066020840187244
62617,0.6498420938981643
54435,0.5332599090138579
58230,0.23769187974110687
27487,0.772075772171098
45561,0.999784672284992
10818,0.40782348198394985
10548,0.2496871224509972
31617,0.4569934359187535
59240,0.42351993672402694
64891,0.32021475701474417
5012,0.3115624093968468
51572,0.4644229085460931
6820,0.47172393695787446
12577,0.22967450414912652
59913,0.16391549855101606
16049,0.17210758900206394
37135,0.4868665644672891
35922,0.4726204739513936
23049,0.26588516165311854
34573,0.46472066032762627
33679,0.43177281556371455
28247,0.13131903236878043
17949,0.24566712269226745
39410,0.6298600773398298
58891,0.10100145786145209
64911,0.44123794054790944
57121,0.17352904309795844
15,0.3860548182772555
55356,0.4283977368760252
54021,0.43298690130653034
12245,0.3093732571571374
28039,0.39201139660018913
22467,0.9995178081824337
46152,0.5235820774552418
40405,0.3978919257037976
25374,0.20561948676814898
40768,0.6231866553497113
64686,0.6914263876358656
44068,0.3464615997975512
52056,0.28783891526753613
52981,0.6304858614251059
23683,0.43967729511481807
13342,0.3250148537229976
12848,0.21809192969868046
4761,0.44916349988406057
31186,0.6983289778669902
52334,0.43040897749447515
17678,0.26520070940654583
54859,0.547165681314965
50882,0.4929283825760148
49027,0.48023081036056076
19362,0.3444525814401693
18877,0.6541251241777258
47194,0.26343376583933126
22761,0.4623056657126913
45119,0.2303710965916459
20256,0.6943478156816175
7549,0.3886533758582409
47171,0.5595544165009904
23328,0.23798374030583438
27129,0.6517565886966181
23035,0.4288360820974433
26158,0.33803023944762717
17364,0.34824997972016014
44081,0.5219625482801048
52064,0.43872559826515906
62161,0.23197608458983227
7497,0.36358422299698184
16387,0.6250004931049296
62959,0.07932578265164367
29887,0.2373809985553036
29215,0.7705321360582477
33444,0.35244624772610333
42727,0.999812350356124
3270,0.436031546792855
27747,0.6832391914106628
40923,0.9997834203298033
16289,0.47402474334106665
48012,0.3442783012613136
23187,0.5184166346136706
19199,0.37624971229688475
35109,0.44395308649568527
15781,0.6371514401333799
50698,0.6569069568709549
1083,0.31486648294541736
20961,0.3178802059287066
54137,0.7094570337502105
64673,0.2577205840073582
58538,0.32464099301947624
23495,0.4363219071973031
56128,0.7490793757006524
33420,0.5263116602504045
63359,0.5598539542723523
62887,0.3767150805983819
51099,0.6081982333361561
21211,0.3479798907480557
44518,0.7882336692010066
14418,0.8775579562831025
7568,0.8131971787488618
3448,0.15488536452065185
28101,0.34640397811249424
18076,0.4443538878140787
33802,0.24477005374044988
40472,0.4813447346440243
954,0.6153707071768526
50112,0.4925905870105134
46525,0.17093132442250702
55630,0.5434552815775254
39246,0.5633477496107459
25143,0.3758182897301517
61360,0.6553190135853408
25678,0.6399650608106653
7312,0.9996363578902113
55895,0.6880123334582038
34994,0.3302125865828594
10854,0.6623644557719454
14806,0.5560006972839039
5507,0.0818113389176876
21088,0.654303140337721
63648,0.4732213306252808
60340,0.6879621352500924
40765,0.5054389771161858
55539,0.503145770801774
12418,0.5514834609244615
34655,0.5498181400774387
9026,0.6774487940599107
40238,0.4632952347500347
34967,0.4663281328846488
46708,0.7095634045623138
18128,0.45072239871553943
12346,0.43329297010684353
20811,0.13001556714812387
35796,0.36970712536222466
15215,0.548935467909941
12783,0.23121389195204844
64789,0.30417949908851244
13298,0.1464467705383984
265,0.3602350903814001
19106,0.5548948267696875
49062,0.5310860681842058
9966,0.14397801340399438
35506,0.486109326315651
42844,0.1909058914250827
37126,0.4912054048710922
8685,0.5326013323736055
52121,0.9998941952535945
55087,0.5369417219051147
59627,0.23618689627884742
30093,0.5471159717122102
6161,0.37828978609671
40650,0.3342908442269256
36238,0.4063704807111288
26878,0.6662757333373446
55407,0.3572608218574661
16044,0.23075729694831054
41240,0.9998551029013661
60425,0.4885310884691146
15445,0.46035048637120984
41966,0.5137113589102198
13506,0.3164709535060205
48719,0.646730090747789
22247,0.27520461838574223
9645,0.36983029549048924
17942,0.9999144270924166
29444,0.3124185002273156
42179,0.6379118078191068
12954,0.319223994952985
1447,0.21328107674629337
24004,0.7007975800527498
16826,0.7628410747794542
64942,0.2831838075714648
42245,0.4992039873927073
39289,0.27093213911352226
10651,0.5371031008352388
30915,0.15747246404386916
41582,0.2789966544319019
58420,0.33533054898094333
11064,0.4548167359026683
45959,0.6405820293279538
28261,0.24384072645219765
35193,0.4884041574174667
36890,0.4979543558328008
11067,0.21740938874310883
32410,0.32190638662248316
62452,0.4069238275116991
35324,0.678507577962207
5600,0.43607229769131955
3324,0.3210376632288636
727,0.7303633262866315
46021,0.11275250762671593
16989,0.41833239113597864
7183,0.6299750209479559
5853,0.13752604699389717
19412,0.5529664688321424
35542,0.23976916436239765
34996,0.43954960663087916
2368,0.3491915580828985
25125,0.529899772844618
5172,0.4461123000232572
64957,0.25023757930042556
13980,0.632760898371432
42908,0.06784789760817196
15821,0.5127974688381123
30825,0.36208964755858797
30141,0.5885087007457671
15665,0.5999086838228941
7033,0.6144908905897173
20433,0.48459160990605765
352,0.4880567101420718
52437,0.5236214538374874
39968,0.35511606321158484
33970,0.5060104460738711
36530,0.3147413935907361
24115,0.438064671980814
25332,0.10685241161321106
35634,0.3912876782143888
22049,0.3201879022666338
64409,0.39891888885766824
58428,0.4663885797054597
6909,0.43792396220826824
417,0.47496805506778733
11973,0.6100230549788445
39679,0.2923404144483532
37530,0.7867313787580759
23666,0.2835002503079986
24321,0.612061454692872
46468,0.3925884422798657
25031,0.5163438015636317
56359,0.4911037534957579
21475,0.7102319617959795
57010,0.13051736498196023
51645,0.5944540351262375
16278,0.9999422253940095
42632,0.45310905732498313
654,0.5009103275014039
26784,0.1634692241610028
12238,0.3395879185906264
11024,0.3946450434986176
17310,0.38384952137097106
13650,0.6584653959056513
57547,0.22632021143119269
51980,0.48041111475261783
7991,0.568139953302343
6564,0.5671802124707942
56898,0.3145199209443286
805,0.36561285625136025
8549,0.4256881228718802
25554,0.7090230651606548
21979,0.42554697585576995
2266,0.420804949613983
23883,0.6001939159863012
2944,0.5648611145332303
38172,0.3449575400604181
25154,0.18551425519436907
1253,0.5251652012062774
63012,0.4419487436998554
30647,0.3166313859611511
37152,0.6168954769124498
28112,0.14908465603340215
20631,0.2727036447258556
57884,0.5643240473226314
17989,0.5402890096121752
45908,0.4619746493698875
48522,0.43011452536629885
26658,0.30633361101659773
55119,0.29642558098009847
6798,0.36939771892186546
38561,0.38897093546681843
26364,0.4814486641413218
22436,0.38433449645969714
3144,0.412266017502806
58916,0.3575634924964992
15425,0.23810742587322856
29316,0.342585485133816
62867,0.9998736985347905
55351,0.418809089884627
38315,0.2148647498017141
5286,0.5099001351605678
24567,0.7593393576105291
62453,0.21360310221417286
14072,0.46700416386605537
3907,0.33214432936011523
19952,0.15521407804090315
1290,0.5412275444406549
49625,0.34700956746951683
43516,0.2699852771181592
885,0.8240385241428256
31529,0.18264883929005715
34592,0.3227870215652735
22818,0.4481579102905896
20870,0.32430429541604955
27321,0.3254707623098024
44522,0.4246050703836871
47412,0.28137095852713534
54076,0.3276535879299025
39774,0.44959560345096866
31614,0.7950748842635006
62631,0.5690395942631897
52261,0.7145567010483049
36101,0.4195987014340256
4687,0.25950094764502524
44501,0.5167019434342819
64967,0.28166657713428556
16360,0.40923200169078455
23334,0.7151175722910953
45040,0.735513813392275
30549,0.5874950468349734
18537,0.5204145856505843
14022,0.3009365970336321
9613,0.6069324492601905
59015,0.5562865691439544
7779,0.5877650789009883
29290,0.4057620643443318
60755,0.5549338207947181
4626,0.2788256288305572
44342,0.34993353403238225
56112,0.6534099021185205
24839,0.9998311001069872
28124,0.3548551216561733
32552,0.321231102085772
2876,0.8354422380003724
60521,0.7045144088010514
8625,0.6393895148753792
21109,0.17838603633441635
59406,0.5839470429353095
46850,0.3669443431876588
22576,0.3304019761347839
50854,0.7133015996110699
12037,0.4097909564998192
9152,0.2567023863683156
28253,0.12235860670539514
30654,0.3270499528637031
8706,0.7783380628356216
60149,0.3271474961844792
5663,0.4447449730708206
22333,0.7342559905207343
11911,0.32987960701707336
29132,0.4191383782054193
13534,0.3679394459194591
57457,0.6071812353773662
53603,0.7253394716958795
10468,0.4553624225940225
6901,0.3730031929746908
39724,0.3181594855047635
55561,0.4800492848099867
28835,0.4242200306407382
47678,0.9997970806716688
59386,0.544657389623568
28591,0.40555616891533613
52249,0.45461422460487194
52383,0.15913544617989908
28776,0.9997569364764218
34698,0.40084900812332414
57175,0.7755977000428632
27363,0.5861533831561965
8053,0.4036006923338126
4263,0.3980327905372275
23139,0.42585223916884524
60113,0.1280106760346304
32512,0.6875534784909256
6777,0.500422595016211
44383,0.7364737898267257
4718,0.5259863674476828
22670,0.5110820043498651
32055,0.7667027304071636
24539,0.46197007728108863
32881,0.28470983729270843
5858,0.36171875118412833
45872,0.47267432781580115
5037,0.5264174909670777
61209,0.2561338090626337
12999,0.29483170982214907
35612,0.23814083367711744
52841,0.6410473418154052
57919,0.4439681639379406
48531,0.7970127804694237
4458,0.690414157276046
12816,0.5703191285962292
1731,0.2138407359955956
42893,0.49549522960658293
25869,0.5832529366745891
50725,0.2977216531311374
32830,0.14712459907040584
17979,0.20211888855325275
24379,0.4883695002071767
45383,0.17184298644960644
5148,0.3805181444123574
4405,0.4660402175344961
27131,0.12164252254041463
3671,0.4443141270373912
1543,0.3656043017056607
41614,0.6330047655326688
2238,0.3624632214794539
18232,0.766073516258464
57823,0.4672578711099407
445,0.3358292334888206
50791,0.40122914367658297
14945,0.7796737896543932
56839,0.28407952554393084
1792,0.42488152455149225
17513,0.7171817038282853
26980,0.5861293894610079
59037,0.9997943682707685
22397,0.41961337298392
48784,0.09354157974403478
12405,0.4658720937446165
28562,0.3700539943818275
11748,0.4325356902084845
3789,0.8061382357531052
53607,0.2298456443677426
31323,0.48818473289466113
39555,0.15223878132355076
37199,0.36472787199168344
7296,0.6491096948624653
30935,0.6782504844898172
36654,0.31589266061436266
3087,0.568072688733535
10051,0.5592985682850603
4349,0.46740364264152273
46855,0.9996917861572312
55558,0.3155280038205325
16396,0.5770193019171858
13494,0.4864613595395035
16486,0.18044434634275616
35157,0.31408786172495834
4099,0.6603792706386362
9686,0.43977160710041124
26593,0.38601254192848966
46644,0.5509985387855004
32729,0.7101305157294404
26101,0.3326900772045983
46068,0.16230155794081705
46121,0.48410921420527786
45859,0.1863407101219666
42310,0.44223106435604165
4,0.14832359323342345
11185,0.5827716550499916
39158,0.562647024063988
62250,0.999999981663794
42933,0.437415033371615
8400,0.12040378272010038
54093,0.5668103360361254
1000,0.6477849457207487
18622,0.9999565563267127
58475,0.5015572441525112
49021,0.2534332589229458
16788,0.16812566074296384
22506,0.8070732200925486
28036,0.5985112887213476
44202,0.5622016234152613
36449,0.1481902558121706
35456,0.15394287643462007
40866,0.5008882474259401
64304,0.5622840421219816
58229,0.6442947307879494
20883,0.545034967436131
12557,0.3325999545833437
23780,0.7184887146943794
18353,0.5656206402433196
29784,0.4016024718831922
54301,0.5289188482712496
58587,0.45113054165367195
64728,0.7546133199922597
28531,0.4808196150888151
30744,0.37841317284903564
246,0.3078085212615716
10714,0.2938870903489329
30738,0.5515817897738934
21712,0.5212321070866632
64549,0.5481479644985006
18419,0.4774293109445273
14374,0.19840565862793552
28111,0.5418273573233143
59321,0.4483804583085628
40018,0.2994453549908232
3035,0.4256651514651571
12826,0.40373183864251844
10626,0.5025785562115679
35342,0.12604334063948017
55671,0.999821062654965
43964,0.4114092193548266
14595,0.46208028643495247
35761,0.24391523529369638
52682,0.6873591584429811
61361,0.7054149290790237
7131,0.20836831250976856
22115,0.83422231132474
45880,0.3113019287539165
3179,0.0973261011188426
9164,0.42118787367868543
23186,0.41162743033819854
57865,0.8052188860569499
7713,0.5827272836921835
4595,0.3702680564902346
19224,0.17931116666642546
30532,0.43124932964709156
57620,0.704507670079993
62555,0.11191905832134089
40454,0.1595269295263349
76,0.2640355818950547
57473,0.5572205104474057
30596,0.5196129190182465
24878,0.333893218122749
21269,0.16404586162273846
5864,0.633276760845398
8214,0.41874168102357917
7629,0.2473895274914269
26462,0.7992546394295325
60046,0.17029591249903142
55416,0.26520761437387497
924,0.22061843426324346
39945,0.6331035854401194
56893,0.20473303712758012
51840,0.2683241062347343
50782,0.9998502636956935
40609,0.34926055524603544
10806,0.45502555688851
5445,0.15149361823845892
58504,0.4985137871582267
10115,0.585114453569531
50362,0.36158776482580995
36929,0.31446993210606705
7492,0.6255390533349818
38650,0.6556178149775861
28523,0.32350725676310793
987,0.45170455752100136
53118,0.3640172479625385
26992,0.7194109844403664
20723,0.6700167405510682
42694,0.9999408732851451
34223,0.5682868751734614
40135,0.6660678835841676
63753,0.7836294234088662
23176,0.44003541333788626
57845,0.34753355903191124
60534,0.4967828807282692
39021,0.24391977674374413
12637,0.2294370151442087
60068,0.3930698406164939
36089,0.2896317387095497
688,0.28458863637161325
53854,0.3270125073944389
25746,0.12718820291480004
25971,0.9999461504714777
4230,0.49011321550087406
61331,0.5484000939039403
52496,0.4103762221240081
62062,0.49240530721353026
28808,0.3586287748408936
32785,0.6122928085070833
38783,0.2284301330103425
13245,0.6230691431262797
5768,0.33427813061182
9973,0.6193411986404469
61713,0.2969312802673723
59343,0.12071085597390811
49352,0.27616661104341034
848,0.2510947020265556
56055,0.27978233742336733
38544,0.5760476460476908
35590,0.9998283757848444
12420,0.4586348121263678
940,0.26467632142558484
52994,0.6200768541586312
4304,0.4250683330810875
19551,0.38591834992211793
46271,0.3734104337817626
46896,0.5702114656913118
33216,0.4089919352289176
1049,0.6093200384976731
20977,0.7192473753283972
5911,0.35998453064042935
51256,0.24107135928604306
56613,0.6874461563158104
39049,0.6962233159341004
31148,0.45216178995865014
4047,0.3222462889790165
6015,0.3330602843132605
48469,0.3854410063489402
6540,0.48892074399494145
34564,0.6479361214638278
50824,0.5287321693423228
8070,0.5188701657177759
64394,0.5431748155527023
7730,0.4281673447059517
37225,0.6220506047891493
8857,0.43516368767219293
60638,0.5889094491232756
35655,0.6047410399604435
40447,0.36414833963447263
33332,0.3765718172220673
56465,0.39083709028198055
63592,0.3510972119497533
7473,0.41332566637047063
60225,0.591925179732753
7558,0.48681561618709945
36161,0.16130393778636848
29825,0.38320515974258107
21291,0.4835883673832999
31477,0.34463156723111316
18984,0.6708553941011822
46816,0.2210167965237955
36603,0.6248109551683505
63186,0.43099906591397474
36410,0.4036826560623661
1943,0.29704570277067055
20430,0.3517124080632944
36365,0.27822245376532184
7669,0.6999957885724915
7641,0.4246511759571681
57289,0.4486739965506723
57446,0.2674525579049355
2635,0.29757392620751805
50000,0.6009735376652828
16886,0.30078582584959435
30445,0.47512048140344687
3665,0.403579180030305
30362,0.15768469634273427
4653,0.5898610813458739
25691,0.7852682272212669
42630,0.16380990182337124
19004,0.5789044768768291
29564,0.40049665457720673
34894,0.5554095449773643
31955,0.5298277919502574
4938,0.24976881744270762
16949,0.6708379197516396
4902,0.4290182939719429
37602,0.0963287064639862
10747,0.25498076889446414
13785,0.2682739188911762
57587,0.3250639813017614
45484,0.4450043936249469
43853,0.4330073443118686
34714,0.12666206291366508
18993,0.5443837779304262
216,0.2285906527959692
12241,0.4712476392135128
63308,0.7464338725741545
38350,0.28004814626257396
41669,0.595875401233206
19388,0.615003361099164
3716,0.6921139899767004
63795,0.3653312379662415
31657,0.16683292412123216
58509,0.29553810106576256
33486,0.3306432347643773
17703,0.434654648902445
60359,0.395856728313757
22415,0.40065454586228133
36333,0.16932774060118458
63956,0.0577173368756371
48713,0.27645411612116755
42345,0.693950499692902
48619,0.8023447517838962
35046,0.7187966119429083
24921,0.364776685337047
10361,0.26156758450185885
24828,0.1147643747043105
29422,0.5348358690178623
25653,0.36822718369899027
25477,0.30057912460362324
50870,0.5215680563908951
13822,0.22050173821695504
20467,0.6007606344227567
58545,0.44576048386273165
28368,0.5585865147860799
12942,0.11913941250289056
18135,0.7189010031270963
13864,0.40394009772229594
35221,0.2709089542933962
28014,0.18590631485596465
48805,0.6014987239754824
32364,0.5562559950344615
31991,0.8173079995830087
35848,0.4691192604491702
2432,0.5100882640158221
19503,0.33956657682358926
17782,0.7474383686649145
23000,0.1878039942588566
44267,0.3939084465197068
7154,0.6141870126529492
3055,0.31983617549644827
21574,0.5854475588738709
23107,0.7108363763869552
42519,0.47146802692663664
31613,0.5387157580532205
7743,0.5054555097806784
24536,0.24393521068726276
4488,0.4564939173896008
53135,0.5595392050770079
33924,0.4905960165694816
50679,0.33991498106610474
18683,0.9999390280651282
2314,0.30037925330955306
61420,0.6064260871609315
38229,0.452218064605448
56332,0.40404835891201757
15914,0.6959441547240198
53533,0.5232693220637665
39183,0.37133575449948275
2014,0.3542657485195774
6100,0.5266593455757588
7562,0.709991140138445
1541,0.35262908825556233
19310,0.3721717319812339
64258,0.4512373986523471
24643,0.8270242297340121
26979,0.45172208258343177
7273,0.7762446414502938
14384,0.19097387910179092
34485,0.9997403110654045
27755,0.06555233005596807
32227,0.440545519066098
43233,0.9998914272936524
42165,0.3238529408653639
30084,0.3236534065106116
25316,0.6671787144546023
34537,0.4512910790177495
16697,0.63893847490407
45068,0.5389851763752256
16548,0.44908972343134423
47510,0.5543356640047774
3889,0.39250323704008316
61999,0.3591477398677429
34347,0.5598896089925335
63176,0.7753547859242189
16056,0.49321500611101443
25439,0.7266027338799728
26437,0.5007713698316354
61806,0.21414607584556453
36779,0.36139283516854886
6685,0.36885129919752646
32661,0.999922950199392
64217,0.514625780697135
38782,0.6210345511671292
39716,0.41976445536955737
38566,0.8288919451090686
25786,0.735435811306091
29581,0.7818129585547027
35351,0.30702886469359814
55520,0.9998502880040958
6313,0.5377261237296659
51144,0.5923612456938528
12730,0.4433430819523651
18416,0.22894043871765157
53167,0.6931614687446953
31717,0.5274059268123705
7489,0.3120666837792501
57257,0.5075055375115118
54566,0.5576424031597048
44534,0.3166852998716341
41481,0.34846874495372654
42723,0.26742995767449723
43297,0.42934099011904897
4661,0.6628860747296768
773,0.5351088450461675
37835,0.4616626242423621
26552,0.308076308826907
8980,0.12986230756837175
23573,0.3351380500800445
37662,0.43249161866975055
13095,0.5597280533408518
46428,0.8826477904565674
57816,0.24827956235870788
5790,0.38645299497141755
36536,0.5580227627426849
23371,0.5558647160632492
63993,0.7285019325057404
64238,0.30750724638056603
48553,0.6049082555528561
35666,0.389369115087976
58352,0.3374897849320097
20128,0.6219850641113436
6289,0.289512158750808
33907,0.7518689987648252
13761,0.535190594535777
696,0.43336364230958657
22872,0.26146082570861356
51401,0.6962312407231936
49514,0.46963195029200755
31967,0.5224177603534491
14300,0.4972516666304581
25052,0.42417146936673467
31842,0.5233556441876516
16509,0.29302695989277083
31731,0.30571980634288143
23814,0.6843982228339006
14892,0.4807671563603033
37719,0.4698777030800524
23170,0.5187968917962881
25345,0.20004215250417884
2166,0.30590831312341593
24719,0.2600225190165334
49180,0.46684390775983453
2584,0.6910508449029287
35136,0.2959822294636425
16314,0.6304811873522357
25932,0.38106117592965905
62241,0.4966162875690466
45609,0.6246478477680864
50553,0.4229364256513458
49657,0.41170251350683434
30129,0.5679506499889656
57344,0.9999253106686941
31444,0.2569700944634198
10723,0.3038018983318797
25781,0.2787147225613265
55512,0.29805896896880046
10547,0.7920549222817583
29747,0.45810464215515
10583,0.42283350760756294
35733,0.9999368997957809
50859,0.5807588776516784
56449,0.32503727734518156
11351,0.6033543991551743
15466,0.2776449334604125
18869,0.37512569191993456
40272,0.719014807028461
60677,0.5285968407230771
6859,0.2991751566781336
62315,0.19900189743844027
63458,0.23503414096240563
57136,0.3931032429399851
13015,0.34137891310020724
17150,0.3137742824427078
358,0.35543206869170196
20575,0.5888818228858467
2041,0.447052134502027
13436,0.32758411520630176
15535,0.5525335637725823
7469,0.20155373414533803
3867,0.6673615480055016
4366,0.4806184635187381
22178,0.41963083976862575
38367,0.31056834638091363
44456,0.6117503609302644
53342,0.3420542397226582
41416,0.9983359954472639
23316,0.4898558918230147
27126,0.5676422264787404
25955,0.5377427709748708
54940,0.5002850633459279
48961,0.5486743179580945
32390,0.6257347524912018
61739,0.19874666191556326
55440,0.26879511689774765
63042,0.7526113564974279
54365,0.5434520917467217
55304,0.349033995589381
25163,0.6738334973801302
32631,0.2613846810695189
35153,0.5791898082529593
48804,0.11626776935274298
63112,0.19141889628833791
42257,0.5638185190700086
38060,0.500735371856659
25589,0.11123608847854805
30898,0.5427360510885357
28538,0.6362774920591563
21400,0.573440419317174
28298,0.9999282861452952
52411,0.7210448581291851
49922,0.3556088869358875
31965,0.6417177927715142
56905,0.6566519235286497
50551,0.35851802945239425
52338,0.46434190271732584
18168,0.703288631170521
43672,0.5471869714078456
32107,0.393358235325531
61765,0.6032994670807631
9976,0.38722107429130975
38743,0.4446162853644717
38654,0.7552274805119337
11649,0.8000397452190855
34398,0.1604297534619652
36497,0.46297928701280405
16297,0.2806037789417434
35703,0.31034062815438496
7222,0.5170497646116408
11685,0.5477090018630603
15956,0.4440509372309979
3626,0.3269301196870903
45097,0.9999422565486524
18955,0.5357063441997335
54308,0.3112282619871517
15115,0.22367108183240608
38848,0.6256156386411009
12430,0.4480440037162633
40264,0.25791038604429695
55343,0.7779208305421131
23790,0.3356508286296539
31796,0.3548933979186091
58626,0.41040118398324327
55702,0.09123884103684417
12792,0.26067216335719423
64604,0.48771737932405734
52231,0.3123231130880159
34662,0.38127380591735605
7869,0.6015688568289422
24665,0.19038048321714432
46103,0.5787621704630376
92,0.14052743633244952
6272,0.34860866936031726
48253,0.41125115457902844
5740,0.6193510925982941
45501,0.5446577668492963
60801,0.43761151697188333
26095,0.39601343966738356
22806,0.5330912909162366
12658,0.31493299520049045
23652,0.4290155595459791
46318,0.6168469962059752
61344,0.721970138993641
47319,0.4224311960181576
8554,0.2698215963804251
37196,0.3422133488519595
7901,0.6582658918568354
42228,0.7074642554666043
6255,0.11317098932691719
406,0.477158741430266
41096,0.3687356307449405
14697,0.451397580896018
2522,0.49443096780652424
13680,0.615910659741449
28129,0.03363928110021581
45116,0.5521013635955608
63826,0.4041366891230814
33660,0.36657251664252805
34455,0.7314357660010291
61271,0.6592915072181118
19567,0.7370466353339247
62362,0.259568114958311
56989,0.6756483963233839
3296,0.18467014132987655
13943,0.4663607161160291
55579,0.2714763412429197
37657,0.45823056138023893
5479,0.21833862191162062
37925,0.569940781133742
52220,0.34627393079570556
10304,0.8013755569450484
10131,0.36562049927058776
40964,0.6981581725826309
46252,0.19554942791896604
35057,0.20289216129689486
17330,0.3143027280442618
32989,0.817927714645988
22531,0.44929457817142954
48427,0.47446103814292206
63250,0.2677530172401316
35436,0.9999604749945337
31754,0.4728059199983253
6768,0.29659337341210495
16267,0.35329035846247725
57034,0.9996487582474947
47091,0.5780153147955033
31143,0.6458935594911568
23631,0.4061518091748978
64334,0.18352195240521352
11713,0.19521798370228363
42004,0.11665376360435732
25297,0.21004442920154912
12200,0.5046096113992212
12691,0.42120419904898687
10948,0.4654372144140538
46067,0.5695572425834857
5182,0.40428501704812025
17190,0.19431738796270037
28426,0.999742723473217
35150,0.7499663954680702
56951,0.10155175158353578
52816,0.9999445423629874
26702,0.21295072291018322
16451,0.6111277086854561
55123,0.32317642862756696
35255,0.33872865400390156
45985,0.4134274463943261
64392,0.14800690590190888
44051,0.44458918829660515
10311,0.5265871390235023
45807,0.9997595607691703
39659,0.49700044081952
24603,0.7132331688181025
45155,0.42605479253075895
44887,0.3445856275733433
50736,0.16430272599041904
49528,0.16343840513244745
39018,0.6991086714540958
10884,0.5658724198687506
62742,0.3515573275400947
12721,0.40362283231882634
46786,0.9999219152624359
7681,0.33439837024324504
38075,0.4331318967996147
61929,0.719821093721505
39196,0.4090704885118976
48494,0.5914193846014958
60212,0.4872025369476191
29059,0.44409375151683816
10947,0.5944665142375343
40225,0.43427027909822585
55239,0.4753421002607966
58663,0.6353678623970546
16511,0.44581753510910577
51042,0.31185726584575785
56652,0.28163109710567286
2056,0.4052755984785794
45318,0.35523340724795355
30359,0.641664697751109
8041,0.7691330324621167
29764,0.2381385197094817
36437,0.3187889964934317
24684,0.6048208797948731
20001,0.6767570960881608
33559,0.44955294565872084
8280,0.5967465349351524
44127,0.3480392022316931
23755,0.5956138715902533
48430,0.3394554168401314
59276,0.3829032522409363
16998,0.5216138387387368
50076,0.7839857908469859
49643,0.6119166541030718
49090,0.7886998594459494
58146,0.5401355704932786
7639,0.3352498799096837
44820,0.9998360898322394
11277,0.4232988739789482
58943,0.28370870247697144
24813,0.30773892008324694
37740,0.6235836886841486
58976,0.46636445991211045
56354,0.6595349035648452
29809,0.35236101497237726
46120,0.5370095807076153
43962,0.12826964737876997
36047,0.4270247999448452
1107,0.699227769742492
45901,0.8223270946784881
42539,0.3041820084577163
50050,0.4127535546367312
34587,0.6125791090259067
37637,0.7088671782030859
58541,0.5138398346235021
46364,0.3051184543777216
25497,0.9999649097571404
52352,0.31250238093701477
28569,0.2608615597190659
39843,0.19595578289509868
52161,0.1883700853291507
1197,0.5642743378091079
47788,0.5552475326414448
35040,0.7680339156636923
297,0.24582053283796065
39605,0.8019254877892298
27644,0.4567433903915331
4996,0.48864949598575946
35125,0.5085728471633597
6945,0.3553163599579446
50891,0.3895327057608555
17937,0.09632246184299227
60863,0.6885307207482937
24245,0.2865456412271018
14896,0.5166700353909304
45247,0.5415410499873539
9775,0.3365737648340092
56214,0.3158344347270115
28833,0.23848234621540568
62877,0.21464635491656514
18282,0.22569525050482764
46330,0.3219733522570125
26505,0.39607176161501306
17628,0.2643609332332168
49508,0.5892368794650655
63431,0.5959810416554655
60527,0.404333274807148
26668,0.5295978926724898
50781,0.5379819896551564
29358,0.4711366064429634
56229,0.3746277109487939
63076,0.503684695957333
13492,0.4358101112016704
51829,0.4969310737370694
16282,0.2692967351464017
12955,0.48414397656784847
164,0.3673363005784944
10200,0.31824672833744794
41525,0.5855154800338449
34670,0.2036495568857429
62064,0.9996353159958767
35884,0.43666048882561675
37030,0.15863927679879342
35611,0.37739432976952636
28367,0.33340017913152403
56618,0.23368748037178672
62006,0.6544613206044352
47292,0.6074859261561473
23955,0.23062692206085844
59232,0.6908864837433154
30933,0.2480033010710928
13157,0.3891214031160135
46645,0.42783732099602173
32793,0.6391932942067399
55783,0.38803606318170064
23112,0.6623649083588021
38402,0.6183303867224658
31185,0.37702311476209066
49135,0.48735017161025984
43099,0.2766552313289957
63229,0.43691244416430697
31133,0.5804772859049494
34477,0.5928641086924981
29516,0.5644072038613561
56422,0.2865631731574924
62780,0.7205686878291463
60121,0.4256759593889235
45493,0.3774935937329493
48312,0.33655932058973553
39768,0.526918142867656
37630,0.4557700955110285
20973,0.39336913479054736
64256,0.6393605537681948
42321,0.48480363736221166
61535,0.26636173620854875
51618,0.8095815735462556
39780,0.41860369301756456
54529,0.10365429079270748
49179,0.290295309869065
38438,0.13156994311473796
6238,0.7017626988757497
64607,0.540881918808959
20055,0.5855823770249063
40399,0.5739335989684038
8088,0.49662657868917726
54026,0.3687719230752813
42653,0.44600901392916353
10744,0.999856345757311
4898,0.27967764897079245
25000,0.583298144542415
23570,0.6708373677294979
19291,0.34118917829961104
23493,0.6463944668953399
4845,0.16152008096893147
12341,0.7890365374277702
44313,0.3974808374044538
37362,0.40928101146117435
16617,0.5819468437259456
42414,0.6339239403243898
19693,0.6570647696760532
63541,0.39104812010850043
10544,0.5380527236051565
57698,0.5353356519206428
38290,0.5049429345940624
47943,0.3524155519259326
23038,0.11349119358885235
41072,0.44264336703344387
10265,0.5855203436824964
5591,0.6376368804318303
32178,0.39761942748850415
21040,0.10807760853999906
21116,0.6354298909668155
58700,0.39342544733694335
59191,0.641523113448807
15865,0.3121239661371936
45575,0.5141253030310173
16467,0.3475946907605068
50532,0.5911663789500092
27154,0.2391630217505173
10096,0.3531524631720606
34010,0.36093387626335544
46706,0.33080649982230526
24439,0.475657042244387
41363,0.6067336348178924
64448,0.464666329785859
50699,0.382473344008465
54738,0.42676101699072105
30393,0.3935022138048382
3512,0.6049361595886669
13783,0.3515622866154843
1936,0.5495404064371731
11040,0.3834152743504998
58681,0.8600610663312511
313,0.5627393699030431
62111,0.5075588477766351
47142,0.4077238207300347
64279,0.6937775900829982
59992,0.5447219390382341
14247,0.36012402619188355
57030,0.24630928103618144
55260,0.44743232798930876
27760,0.298609433368042
5480,0.49676497363665917
38752,0.7206923980011796
33473,0.25958745102398184
6556,0.6223154857588189
43939,0.43583634995956516
834,0.3662702948468361
42782,0.4523155057598688
49081,0.3304708982715155
5194,0.6852655622836051
26927,0.6921146685406032
3248,0.19438409720950883
41615,0.3423587657628213
60588,0.32241959994983266
38996,0.6973861388786721
43062,0.4439842212969165
34104,0.6984765602772027
20632,0.5737498205141487
30048,0.24821572747268125
1823,0.4659480253079161
54253,0.38261165827505245
12334,0.3477338969154709
52991,0.9995770666049364
13530,0.3759955359069048
4903,0.19114596216881807
55354,0.3189481635888088
715,0.3246360698624032
41426,0.4316950841389552
13714,0.08072559412363521
19627,0.2965304631390558
52467,0.5605248263507601
51589,0.7351047802822173
38575,0.4753713114804338
26252,0.41645185127598233
56657,0.6689467914058145
42837,0.17571528169794973
50225,0.769882506149124
48431,0.679675251631439
6888,0.13327279969352204
26220,0.46158327415240846
10916,0.35651880996942853
58824,0.6714090689603152
21974,0.5419678187147627
18335,0.22811486832611952
13338,0.27078123750508254
9677,0.4218802843103223
27105,0.6181628449616814
14779,0.7260202851558226
15986,0.6180945844086727
54888,0.4377386460702263
59672,0.4050157354354471
1881,0.6805774954083254
28492,0.529928720964105
39374,0.654831583200721
9278,0.44791573984637195
1061,0.2418204656408974
60495,0.5341558059679645
11530,0.40846417044278216
32609,0.18935689579270137
18790,0.13085016296948393
44930,0.19758382483125173
3906,0.615722048194475
18888,0.19964416292039858
39702,0.28088278333465533
50337,0.7196669735785401
25605,0.23058630698634186
15227,0.34870199388767315
32600,0.9998454819256349
17060,0.42316463273724947
26192,0.44149085413290573
10684,0.6584304089208071
17675,0.6463803292742188
25226,0.41536314360929943
616,0.2899417376756804
28540,0.4208855007693828
2387,0.2790202327832591
33977,0.5108196858831427
47854,0.5741332297787216
32402,0.1796482590260533
46618,0.18723688751517578
2587,0.5353498730241787
44266,0.1896880933407007
20624,0.539562860281867
18472,0.35141347557581004
43897,0.34486982513136405
41541,0.3454733415552724
58965,0.5790116227442527
55411,0.7619217065254983
18243,0.26048764907041777
52147,0.4526017954918006
5668,0.3969149829582214
29565,0.18869305935840658
45823,0.3151390592160916
51269,0.5458448978767417
40754,0.8065660245583167
21185,0.1863903736339603
42467,0.2808574323975924
50704,0.2891948245971098
46795,0.4022836709595312
24769,0.30696291106377394
32351,0.7795526587941363
15252,0.5819558306431313
52798,0.591211096217735
45786,0.028416731900412762
32505,0.5521181207481675
9893,0.23076900273544443
52203,0.5526064050746337
11034,0.258139861797682
57498,0.4425077176151823
55810,0.41600304580563335
38679,0.2694372837911122
1069,0.29293043608646363
37681,0.44880833542824533
27460,0.3993372545880975
28966,0.488359949295899
52939,0.3867731625473132
12141,0.317493068682496
19498,0.4641073841685925
41167,0.3561512586999633
14467,0.3430335604865019
21147,0.588922948055917
54927,0.3043590646569951
5402,0.33355138367334547
3872,0.4183674487281003
46346,0.3789894703551383
42231,0.5783936808471956
3018,0.5294914830349864
32358,0.4790685332858907
5870,0.6364210568055305
32799,0.9997463667768909
36591,0.29597128640480347
56518,0.4457050322708074
51643,0.9998657134413269
14471,0.17465675430914893
20571,0.4177003556651844
60692,0.19777832825261046
6878,0.29506628124021816
40341,0.6647238233893307
22379,0.6234894124688483
26550,0.75894847501986
41508,0.2666840750538358
12891,0.44271723101294314
4420,0.4898357645392386
62568,0.5301950988034284
42565,0.49510033985139956
12069,0.3371585166972561
27971,0.45385990589060116
6673,0.6758483403101403
54623,0.2615268558968911
54338,0.6897892578445945
11744,0.3644247982503945
27584,0.12396568850579208
8492,0.4153577599800792
28594,0.5048871268097062
18084,0.32355695319571876
30930,0.25599648475742726
9912,0.5870434502828032
27797,0.3426432447772391
16556,0.40641661060454337
36942,0.6321525467568605
1630,0.41088607611570477
35216,0.6916995858593061
62112,0.7381990812985045
39683,0.3932509329311644
37646,0.35277745115632486
18676,0.6938255520319561
28910,0.20548835215098632
761,0.34171363245273334
44357,0.6264535170762232
5422,0.4382766981492426
3995,0.6214502182672416
52135,0.47699002041455163
20248,0.7542249877572811
35364,0.3966348700060496
153,0.4939247875149063
26363,0.22837884216725746
13902,0.07738650037328285
3941,0.31457011539183766
41767,0.8318737810315004
8432,0.5856595355375398
1923,0.27539462616812765
6636,0.3610826462622107
19886,0.34533457873390866
39545,0.29665987321384873
37473,0.23832061114738357
55107,0.6373642069663575
43231,0.5224664306978134
35384,0.063875348842176
27990,0.3706464335135536
37752,0.2992793355217735
14176,0.5416661798776616
23946,0.6713521292211548
46906,0.4453775162097791
64677,0.6883229550385931
4079,0.7480458341113047
15770,0.610881961214365
17681,0.38644112293435207
28660,0.3096918066726861
29265,0.6592305309819868
24396,0.14686348689757914
52672,0.999854298013549
14187,0.42324095198490214
39127,0.2936773590461455
4056,0.6439329998759377
23429,0.5565584941779251
43238,0.2302663588166306
3756,0.7423317788098912
62528,0.12666726816579588
13495,0.8031172798343578
20851,0.45689295574114425
47705,0.5140211342113697
51043,0.4652804792357288
46256,0.09556688152273353
15848,0.48946404098950447
63164,0.41218043520867126
47044,0.6732892005118788
14407,0.706419998488088
16315,0.44050158938437567
4505,0.06557949932927697
61859,0.5302680273511977
20357,0.3020002451920655
15735,0.07426311087257696
31029,0.3334081145677619
244,0.5750027543771212
29509,0.34264898687937834
3898,0.29289617587842787
59523,0.6053154161610321
9508,0.30326725421329825
14020,0.3903413776141266
14313,0.49775087131860635
34509,0.6509211609115826
28775,0.317691371262852
47986,0.32324550088512083
43407,0.7504429907301124
28487,0.295619731100853
11458,0.19553625552000195
39373,0.2404273001533221
19574,0.6042871521092912
43268,0.42076145167205153
23553,0.7087608352687427
49980,0.36948599183176983
40107,0.53986246468698
35530,0.5421474561963474
46455,0.3741505777222661
18682,0.99994710767747
10218,0.33488148058727757
5324,0.3405901152063106
53510,0.9995664502287037
26392,0.3922561003846068
55476,0.3682802526113421
57339,0.458393746506009
44645,0.34624278078871296
28082,0.5741543001693309
29189,0.18149920120431612
36562,0.21834904083373244
59564,0.9998462525003123
7590,0.30886232677745507
50753,0.3212712818645217
1667,0.6357114565655799
10830,0.6062023132814544
29263,0.1272668988432884
63821,0.6235599855188194
58079,0.3917529284127653
15792,0.6984580468467695
43878,0.26266388970123444
31204,0.6023121848581134
24687,0.5404494676441588
18779,0.6139611597128776
64286,0.5459887180311853
41827,0.1088216463972644
45203,0.09491188772435959
22192,0.7706158290516817
63233,0.3764900403552914
57488,0.3267218308309093
11210,0.6908567721480801
4228,0.22071690286300494
42987,0.37355013140391075
38154,0.5523546830130476
12287,0.11793439758547065
4421,0.3375495515573958
64093,0.49449242015322376
46766,0.5317804701739459
20402,0.4979383200486427
47350,0.5359598190699651
63490,0.5650019709819666
17677,0.26301600357657023
26152,0.47587549474200486
24061,0.34409903825638005
54320,0.32153029902898483
4253,0.4896528627538249
33917,0.15767974946654098
735,0.7023612495682601
15814,0.505517457648237
45652,0.5969167882897096
2757,0.38298656162053984
17153,0.3973736164479408
39058,0.5943836348725253
18763,0.4501127395812232
57540,0.3052836206756584
29861,0.5100223346166131
6056,0.437716042636991
27724,0.20776201757720866
21387,0.6868243605311719
32774,0.576164432877654
46041,0.40951683883652235
41655,0.47903461810152564
60109,0.4048947537157788
51387,0.3792465817429372
46632,0.17100481039377488
19305,0.28861941321372275
45479,0.4817352257994652
22826,0.7427109878080623
64316,0.42089572595093616
35250,0.6892084293922243
193,0.299331684846837
29055,0.7153905637278515
49356,0.3773355540912725
33898,0.37219013348851027
56050,0.5181432564876037
39980,0.5330339450736366
39948,0.5627846342780202
51949,0.41456071927888555
40488,0.2742019729812784
8849,0.27279119261815005
17483,0.26484362746282014
35736,0.38061000005489165
27433,0.17597836173664091
16333,0.47098675368998283
46741,0.790863762693153
61542,0.2765526656538325
36891,0.9998698173577267
37823,0.6972012575105844
29333,0.6254635634004453
22581,0.20139174093639145
41405,0.6101271939192024
44028,0.6252278699502823
63237,0.1775585473492483
12540,0.12263422615944897
15362,0.5325995039425571
25888,0.4103758985716283
39234,0.49895694155868353
14713,0.4210900211588459
41543,0.5626765210681681
39546,0.6373755314318744
48955,0.40302082645243653
51061,0.2887518979714302
53449,0.5072349499218854
42048,0.4523215846606231
56686,0.2266017498697822
856,0.30052481709862683
3482,0.23588477232735486
51750,0.5346962835501631
50257,0.609670025401336
64348,0.22602608035900168
462,0.251934945079446
53021,0.38886224703657607
59136,0.35614516734200324
40633,0.4311330534206465
35380,0.28896975782678214
26195,0.3752618694135162
6223,0.3946498061697105
4717,0.4850736342772286
28518,0.17820031954383608
3755,0.6798233901911449
44620,0.7483922614880716
25852,0.6767273960615932
59895,0.2368964929166436
11604,0.2119037168121398
39402,0.45266173999449516
730,0.324749110752289
49795,0.6044306046283603
1488,0.5224207568840453
12387,0.6478217843419983
8032,0.4196907266840592
22585,0.4748221762075661
57196,0.46957455895538824
9730,0.4993694805043079
51277,0.4107064237627249
63971,0.36040828096255983
35698,0.5233660609814252
20088,0.5930065759757531
52487,0.2701426657864077
41449,0.7321036000744788
28297,0.6150053803501799
42317,0.5285209863799493
34323,0.26438253957505387
16112,0.4598230739645823
9432,0.3752153271653214
40382,0.3453081241245889
16,0.5648216807035048
7086,0.24225877488560466
13909,0.65533119479451
45066,0.8423987671272254
56221,0.4027788383815161
47489,0.31853568164229407
26765,0.5761157938378603
8060,0.7832403625879191
41794,0.38457403920347183
19577,0.43819558583387785
14423,0.17690421048510374
32337,0.3435691032322032
24086,0.5910015332054632
10793,0.2093134800279043
18970,0.4292403528356846
60921,0.4123201239565008
34148,0.6140306975879694
54540,0.27192386430692667
49820,0.999630644809675
59509,0.4786235279275879
13377,0.2246049410819415
62166,0.7939002091634281
47173,0.28798498893876684
59327,0.3040414745198149
22475,0.2394698775865586
22984,0.7056235673369214
27248,0.6615177728699355
9939,0.38834671902622686
53462,0.4518371669106852
2605,0.254845738858861
11279,0.39865553087451655
4788,0.7562118029244385
12277,0.6354196556242618
4793,0.6531823509666486
40207,0.5674372013872565
52853,0.26132258668964486
24165,0.1448784612537533
50392,0.27956142454923405
9429,0.6763568693395174
5146,0.562244332855517
34921,0.7287937521991125
35670,0.4016099857447103
21503,0.4481872298542859
50622,0.9999504597674076
58090,0.40752567441578
63258,0.548370472151157
36498,0.9998086466276063
16104,0.23142848533877963
42015,0.19865328637924964
60599,0.41930385493107386
44976,0.6578347453362623
16844,0.389522371062991
54129,0.515063486175954
55938,0.2611311553111119
44132,0.2944765386566078
8916,0.4358204009766678
11615,0.4240405864086777
21554,0.2812799253734758
58553,0.4326613360189993
34242,0.3068811663925749
27903,0.8113429818298539
41188,0.376417818636646
21888,0.2416168990770979
39083,0.5095321924201154
36012,0.22387516003916644
39617,0.5229332048418958
15879,0.23828363085876952
20170,0.5037915311374858
58903,0.9997359293262216
32885,0.2811381866550512
44763,0.16903449335258192
4248,0.7527040397423533
32520,0.21861046742603504
45569,0.2799103431318011
14619,0.2556343005572252
31711,0.26460416516774604
60946,0.3733377494214974
57496,0.4114048280669604
62599,0.1615532510796254
11983,0.440536892948386
60591,0.6102814626845913
26898,0.521140163907839
64848,0.36145097466894505
28454,0.5450796654320242
15435,0.5447777749370687
11352,0.21082814336366154
37161,0.38699223346535677
37391,0.49804416688468406
35405,0.2055737931957025
57634,0.2604626052880696
17517,0.5989467299077906
56772,0.2963046039096835
53142,0.20085317739154923
7142,0.28158336543686496
50154,0.3747812244945724
5796,0.03967163113713051
55544,0.4849005067344422
63514,0.41779700508995365
33981,0.23300171821612195
63316,0.5310729008125269
19988,0.38775287891635607
50278,0.8250616894964453
19929,0.3986957126476428
7040,0.5394442663021642
22461,0.10926538655903902
44196,0.38789008316409085
21176,0.999603370743925
50234,0.279830675860577
21861,0.5497801661286513
47672,0.2680892108745713
5625,0.5062668673014816
2191,0.9997838365043018
45606,0.32616726302978416
35369,0.47229693774677106
31742,0.7095018442417108
41335,0.2469532407630195
62958,0.2811094971232145
21084,0.2590610268358403
38989,0.5234609133945805
1512,0.5635569579825992
1549,0.6874399316274465
24049,0.538803782781045
50746,0.14567500655521573
63317,0.29942681585404224
13644,0.6437718574470674
7564,0.36620927647644974
31891,0.4640173687832373
47666,0.6154464878157344
4512,0.6126782748628732
6925,0.46510104094407334
29136,0.3724323340273538
30433,0.4833751699927896
61906,0.9998529627341067
61897,0.3929445674774554
50339,0.3361649696011802
58121,0.3087463089553549
15493,0.5270788767895578
24139,0.3423105250928826
12129,0.11047694411189583
55641,0.6008638433916741
29180,0.46946520487047505
19677,0.1005696819708895
52243,0.2669303930682243
33609,0.46278012597128754
209,0.1905579225044033
58398,0.47220377069186364
13216,0.2820129819180689
52111,0.3988978505778811
10092,0.31279171190701405
39748,0.5518606078170903
8618,0.5999360198958632
40883,0.6826434378787337
50405,0.5521120731719179
34134,0.591406958794398
56259,0.44645415896113033
13139,0.45825537589471504
22318,0.1856371809284633
7282,0.13755882514630918
8020,0.4610401326933779
29347,0.32146322670669747
16493,0.2713899653732781
5137,0.18108211744753255
56427,0.3588186772027673
19883,0.9998971810214315
3016,0.2459188887611413
59175,0.3056715279034605
3950,0.6394708984975475
8594,0.38327096056443555
16130,0.5422556585678675
2611,0.3077321257820693
49682,0.21647094001255643
53846,0.17308552232309746
20189,0.5462279310293219
9924,0.5526770701995872
6755,0.1653628415637941
29787,0.4322241553651083
26655,0.7113367166173359
53059,0.2857277394642189
14371,0.26244547044455196
55163,0.639927991373878
37789,0.7870894756224706
46799,0.2618487632830294
62586,0.3348479775307096
16610,0.2527300211371826
48412,0.4431302669562878
41837,0.18055331369125652
25602,0.5658200434153651
42859,0.5021533819529094
63345,0.18294051262979072
6472,0.5097769149388565
8524,0.5696360389717473
777,0.6306439933349026
53256,0.3984948844167523
15050,0.3701507408305667
5765,0.6925702830792017
53621,0.2995358225896879
31058,0.29045369110057995
46377,0.28998404603172523
19750,0.4616588806437232
59152,0.2675764601864023
10846,0.19874333792493729
41046,0.16004059858545835
11199,0.5145123926494957
22861,0.4763989102336393
10572,0.46593870235937057
30456,0.1534270250340298
12294,0.431369535378439
29247,0.23401699509903312
47179,0.3710213963151516
47539,0.7302887435010388
29378,0.41020860351931066
42897,0.21700358481198392
41466,0.46424423893574307
7651,0.4679114336510537
34209,0.1518634441653346
50568,0.3048908332817445
1685,0.25616393202595705
13182,0.4684735105873683
56516,0.18387878716157177
58444,0.6236928719695837
12495,0.5128325129202538
2313,0.5581298262398411
37468,0.5221800489520687
11499,0.1985174374607188
44305,0.2368232137004191
22507,0.4978969952241898
59748,0.41643157060154373
64318,0.6176674147632718
29270,0.31265439081302443
59585,0.49025686277391245
17210,0.5330970101754994
43786,0.6446474407294259
5478,0.7766516423135457
14714,0.5737799011424628
13718,0.20282531117436728
24371,0.17813366097371866
36062,0.2932628893866765
41670,0.40238415483224566
20110,0.5459366788985942
34233,0.4169876060233009
15329,0.4087907233334028
9395,0.43965927359480717
30902,0.5453430008374501
49426,0.5365990072686947
15714,0.500685947798924
50418,0.2840101559769639
17095,0.37937167570742936
58846,0.34133229829231726
28416,0.49133877991020186
38963,0.4480954690203934
34388,0.47544625061357343
27515,0.33975665528368126
19973,0.36843011419656996
44806,0.3755550691183732
51966,0.39397840014954755
16898,0.3507956896973013
38087,0.3651865726885217
11406,0.7574147225043935
31629,0.3633606782495358
7422,0.6420759925931683
59978,0.9999598769996145
31732,0.6968528123945518
11536,0.257582818334088
7686,0.5814735760233839
13190,0.46855572911579635
6481,0.3741960992059587
40907,0.5185402033667569
36941,0.7778549133595569
64761,0.3634921913667185
10168,0.6014528984426627
53539,0.23066229288606413
12894,0.33979656065428904
24413,0.13523649814140243
60263,0.2836082283185833
9352,0.5726136360584935
44908,0.5146905792258905
40545,0.7534693157121931
24161,0.1487077933366678
11691,0.3591213627630494
61600,0.8646937592010694
6134,0.45118810704192613
55070,0.26306118676232726
17928,0.2775850437098621
34526,0.5928841894122192
23086,0.2795717174619933
37706,0.15232675799339848
21534,0.6136210996155732
11337,0.7079731649332879
18079,0.413748995157437
15511,0.5302928344466843
55688,0.16046635581921515
47353,0.19287357372134353
42324,0.4571418980002765
2431,0.26617750554604547
1764,0.3898635792738204
36137,0.4166946441584207
27153,0.4997019157183117
28804,0.8942263587047798
10112,0.8090592936983225
30867,0.23184908967559884
28722,0.16917515492222968
43532,0.5737956066793114
39188,0.4582354222897999
9653,0.3790062490574079
49550,0.45912475357001553
44356,0.42710436917377204
46110,0.6687024727120615
60840,0.5930202781874885
24264,0.3642522580625149
15004,0.5149776467074567
12675,0.3955562342151783
41716,0.35689682867169226
41217,0.2155935255168991
7227,0.6031611806507134
62816,0.6621599430959944
45956,0.3545025563233015
3276,0.8566710045187023
45891,0.2436575117618734
49838,0.26683829483981353
615,0.3935980358280698
57065,0.27001663878114657
39330,0.28654068738205696
26491,0.18424973607824077
49923,0.5499198947619626
12992,0.5107005492327161
25381,0.446594168699803
25948,0.24325264997400928
3106,0.7728062279323202
20715,0.3023558750125147
6492,0.13143233883476813
24297,0.424166826970255
52164,0.473274471887509
58588,0.14920971626069973
33323,0.8000207868898186
55716,0.5432370508259401
12997,0.38965030706835996
64471,0.15784923747270937
12793,0.4693227454576777
23685,0.4675151054119215
16106,0.43972906448703725
45743,0.37862879117071785
5323,0.39855960184405415
18175,0.6322557344181616
58677,0.7886658215250225
33663,0.15666026873169814
25187,0.5349684036931827
38250,0.5640484048799769
34118,0.27760924460055514
48665,0.9996789638161698
27519,0.22156895660456882
26305,0.39785003491552867
3581,0.43788194446382983
12458,0.34884643339250365
38551,0.5712023399362828
40834,0.4437457807264578
50446,0.5496171802372629
1729,0.3290550785794997
47744,0.41384914491249325
34296,0.40178686862101537
27453,0.2261689423471634
38543,0.37679444386929445
52796,0.6491264745639863
42090,0.27017452673845066
34406,0.5445712076437781
24884,0.40601691784378324
34581,0.41384752463630564
9153,0.504205413318422
9605,0.5378409432162792
5390,0.48812413658156556
25668,0.6991689745230499
64514,0.37884857989578186
54769,0.35351525772069514
14279,0.23577590692511347
30217,0.516191140016761
15286,0.22845793269790193
51759,0.5198041870162442
44142,0.7648698819988834
23053,0.3601325242461416
6593,0.20353761069698387
38585,0.9999619187472999
5574,0.5547477154709469
3300,0.20452950056680194
51781,0.19072598541031682
9964,0.4931107463778788
18560,0.7493503603269682
4067,0.4650242492860121
15789,0.14045675563113158
6051,0.4420029658864414
42444,0.21755006317347253
27827,0.2297064593023998
35386,0.80478444182639
37746,0.5348514370928944
28870,0.8201958235664458
32872,0.838795388014889
59095,0.20771956967062324
48788,0.27413527967898743
12255,0.7247285841782949
44429,0.4654768760825444
63854,0.32433981507816995
215,0.23227087934543303
39536,0.3403666006512125
7653,0.18066907104271945
2187,0.6951425936216852
13655,0.527815133690577
53897,0.5107558333537463
27596,0.33058810859804505
11532,0.28791069583379947
8086,0.3743333913273608
2977,0.1393866883092658
8508,0.6687043465938266
5386,0.27543648644777546
44539,0.6984785988086343
3723,0.4132524983690308
5156,0.393967484886776
17151,0.23582063117780314
34930,0.485606618405407
27170,0.15401466329998773
5460,0.3277051948154611
23665,0.8255743051403289
54638,0.5341597433515964
10385,0.16191476331584573
11422,0.270985449778787
31623,0.6130518630091243
30839,0.9996214446584107
20896,0.32284946868614867
15588,0.22239991456463876
6172,0.43632204786293194
45764,0.38845651717968804
60053,0.8503541644153615
52525,0.3409459498782494
36637,0.1366492454616676
42387,0.5522644655444108
8103,0.4006124642131711
43858,0.37152981198954194
52431,0.3886009287490004
1622,0.25312357795912854
64758,0.44056298888355255
34435,0.7094831089302376
11673,0.29121926324493097
18998,0.4633520683577617
27256,0.7544730429493154
56246,0.26362615733253536
55954,0.48998935996336024
42018,0.24562798339999029
33693,0.5624192510280546
18211,0.3178381272862234
30108,0.3012894251692039
59432,0.39343951659331233
43921,0.5216670145966961
13480,0.5129361298425933
50524,0.5780367856047531
38080,0.33920520925077763
35127,0.4635622244339079
8821,0.21320274474360332
10786,0.5020788985859465
36019,0.9998936314233118
42421,0.2896735148717764
22291,0.6228467538111403
10172,0.510385089987656
31255,0.33419655958049793
44978,0.6483037522289876
8166,0.4453781062103342
49745,0.7180918368243498
19368,0.31993539797656745
55325,0.2845072986714558
51203,0.7530294308473666
56468,0.3863302026234994
29482,0.27616663701002664
32177,0.7062795288348779
52044,0.3341237130856204
17438,0.30796570182037586
35567,0.22032091683931584
17144,0.3111235381096755
41433,0.7138213130529453
38403,0.49242645503097066
45882,0.3705085323228523
46751,0.6900375734401826
36169,0.514831491773619
47045,0.9998151558563791
20577,0.44783763281451494
48915,0.329753974591957
44521,0.2415078202627861
25771,0.6962668459758531
16274,0.999813625766607
24549,0.5295215097517251
51173,0.7396373154775003
32374,0.9998885406123309
391,0.31514621066413345
1653,0.4196651124291725
6460,0.524962180318563
4221,0.3455257288690709
35631,0.20315032258693713
22529,0.38892943499467314
12356,0.5619814340692473
49005,0.5611547100209182
25295,0.4803084259519555
41086,0.405933300656002
1540,0.35956636652254786
41004,0.41020187401398156
13500,0.25305246774939394
58931,0.489749620320041
9840,0.21180923985487873
22441,0.23947792491569445
11997,0.4535058966222302
51454,0.3107856455221954
28976,0.72342645994458
42585,0.46563546752814183
15711,0.7623526977259788
50419,0.5533966424818371
21044,0.061450560151163146
21249,0.5361736251044847
12966,0.5015832524252979
31369,0.6366943398936259
23978,0.4733140943657514
43535,0.2845538851947279
27985,0.5064953203877489
46652,0.5109557350646572
1772,0.5343353851125316
15066,0.4599106876284517
35785,0.4425522497357915
25873,0.15445665444605072
27494,0.38045040250018136
21129,0.3011726203120831
9028,0.9997871374418545
16848,0.368319225081289
63152,0.12563457931214092
14500,0.5173632132018408
40911,0.45489926352158344
61099,0.4426786993133557
41965,0.1598616559551328
1939,0.43128786771913863
38589,0.450185455438565
26014,0.16446170300903304
17158,0.383168125859758
62093,0.3741321539638456
1954,0.6983564966385366
18190,0.4285836314445307
13503,0.6067700849165072
49039,0.6229749686232615
43960,0.7538759846465509
39609,0.2522600682315105
19127,0.2705052350353212
48009,0.6082660376035454
26685,0.3842697869751594
28849,0.4271893600338911
23203,0.578133705712909
40003,0.5878729807480522
56774,0.6287184028891113
62217,0.1996829197091153
26368,0.348340046144911
35758,0.5230646029163879
8642,0.6171500250306623
19773,0.9997714558076428
3746,0.48785282786796935
100,0.2375432073478325
34546,0.3242630611036421
9366,0.24338266808490655
34557,0.4182293554219677
7609,0.45273359774888433
9246,0.4206145690238304
30250,0.3960828418755491
24850,0.3120220822640445
56441,0.1707230916791747
12815,0.6638209706739315
5511,0.5953084487531822
15021,0.32167575951386207
39208,0.19687923065434043
21715,0.47290601423842055
29737,0.4205961776157822
154,0.33686456886270855
32746,0.46005478671661754
28706,0.9998489396485585
23015,0.5724625322049675
62779,0.38257790384842993
52059,0.10479339378620785
53680,0.5359904123902081
63365,0.6446404859926375
6885,0.7255861842960727
38265,0.7550318123902855
50174,0.17105375496328676
18512,0.27168344416433043
14804,0.5642798660312911
18156,0.6286890964960546
54193,0.425267705707299
64900,0.41293531638253145
16483,0.4966979438558355
11540,0.21820557566626111
11239,0.688010157933233
56268,0.6193682091954489
3032,0.2418158768608574
17335,0.39479846201749424
25644,0.20688697423174715
38847,0.47719310180077534
11196,0.5066885530454598
33831,0.39283651775488115
45861,0.9999336424779902
19492,0.3785761830925219
13531,0.5024716744353768
56732,0.18096218248677104
16816,0.4941835785510509
20909,0.6520488464590707
18759,0.661273535862184
4805,0.4978520017103951
50244,0.4364023325365479
43490,0.3767286342713667
15053,0.3957623397568413
19006,0.4025284581832142
15775,0.3168424029999488
2441,0.35245351384631113
38519,0.36576041724470687
35829,0.5783587123249365
2265,0.6389360614439761
33307,0.556780865320418
48981,0.36428118691563244
31218,0.6866544123448025
40469,0.39108001913420254
37323,0.9999780712949558
53502,0.309145663645508
20469,0.5145642630445882
64242,0.4053665645970852
41853,0.22449368734484781
43541,0.48444828887651176
8900,0.32995470793854753
17286,0.6156650759326046
51483,0.3868280835929634
19380,0.38577143695654414
57744,0.47129218352864655
1490,0.36229300064256786
24147,0.36243396104314124
46582,0.1983867062115309
39628,0.4988764950922532
32863,0.24179360896871596
1900,0.4207343827615021
59749,0.309493373734958
23235,0.31511662485018416
25367,0.6489924584746836
6179,0.263184965257764
57090,0.44184369018619474
57591,0.40865845490211533
21067,0.5608428869723621
61470,0.25209899777007905
28572,0.4867284615106672
60876,0.33453387707907745
46558,0.30469983140754175
59365,0.47929413926597314
64861,0.19475555934111874
3352,0.2630995578032403
33476,0.7182193561886433
62643,0.21792951070338462
62700,0.49354164359545477
16690,0.7619752418071801
27841,0.4860658193394797
18829,0.5758192630537788
38827,0.9996672018697215
58711,0.06059128163034085
38713,0.3928044560567119
